"query","significant","p_value","term_size","query_size","intersection_size","precision","recall","term_id","source","term_name","effective_domain_size","source_order","evidence_codes","intersection","intersection_gene","intersection_gene_id","term"
"query_1",TRUE,0.0110274124300142,2,6,1,0.166666666666667,0.5,"CORUM:5557","CORUM","CDC2-CCNA2 complex",3383,1729,"CORUM","CCNA2","CCNA2","ENSG00000145386","CORUM - CDC2-CCNA2 complex"
"query_1",TRUE,0.0110274124300142,1,6,1,0.166666666666667,1,"CORUM:5556","CORUM","CDK2-CCNA2 complex",3383,1728,"CORUM","CCNA2","CCNA2","ENSG00000145386","CORUM - CDK2-CCNA2 complex"
"query_1",TRUE,0.0110274124300142,2,6,1,0.166666666666667,0.5,"CORUM:5559","CORUM","CDC2-CCNA2-CDK2 complex",3383,1731,"CORUM","CCNA2","CCNA2","ENSG00000145386","CORUM - CDC2-CCNA2-CDK2 complex"
"query_1",TRUE,0.0110274124300142,2,6,1,0.166666666666667,0.5,"CORUM:5683","CORUM","hRAD51C-hXRCC3 complex",3383,1770,"CORUM","XRCC2","XRCC2","ENSG00000196584","CORUM - hRAD51C-hXRCC3 complex"
"query_1",TRUE,0.0110274124300142,2,6,1,0.166666666666667,0.5,"CORUM:6078","CORUM","HSPA2-ACR-PDIA6 complex",3383,1874,"CORUM","HSPA2","HSPA2","ENSG00000126803","CORUM - HSPA2-ACR-PDIA6 complex"
"query_1",TRUE,0.0110274124300142,2,6,1,0.166666666666667,0.5,"CORUM:6079","CORUM","BAG6-HSPA2 complex",3383,1875,"CORUM","HSPA2","HSPA2","ENSG00000126803","CORUM - BAG6-HSPA2 complex"
"query_1",TRUE,0.0110274124300142,2,6,1,0.166666666666667,0.5,"CORUM:7422","CORUM","PPP1R13L-CEP55 complex",3383,2832,"CORUM","CEP55","CEP55","ENSG00000138180","CORUM - PPP1R13L-CEP55 complex"
"query_1",TRUE,0.0110274124300142,2,6,1,0.166666666666667,0.5,"CORUM:7413","CORUM","CENP-A-histone H4 heterodimer- HJURP complex",3383,2826,"CORUM","HJURP","HJURP","ENSG00000123485","CORUM - CENP-A-histone H4 heterodimer- HJURP complex"
"query_1",TRUE,0.0110274124300142,2,6,1,0.166666666666667,0.5,"CORUM:262","CORUM","RAD51L3-XRCC2 complex",3383,147,"CORUM","XRCC2","XRCC2","ENSG00000196584","CORUM - RAD51L3-XRCC2 complex"
"query_1",TRUE,0.0114430790290016,3,6,1,0.166666666666667,0.333333333333333,"CORUM:1661","CORUM","E2F4-p107-cyclinA complex",3383,801,"CORUM","CCNA2","CCNA2","ENSG00000145386","CORUM - E2F4-p107-cyclinA complex"
"query_1",TRUE,0.0114430790290016,3,6,1,0.166666666666667,0.333333333333333,"CORUM:6885","CORUM","L-B-P100 subcomplex",3383,2437,"CORUM","FANCB","FANCB","ENSG00000181544","CORUM - L-B-P100 subcomplex"
"query_1",TRUE,0.0114430790290016,3,6,1,0.166666666666667,0.333333333333333,"CORUM:5144","CORUM","E2F1-p107-cyclinA complex",3383,1562,"CORUM","CCNA2","CCNA2","ENSG00000145386","CORUM - E2F1-p107-cyclinA complex"
"query_1",TRUE,0.0114430790290016,3,6,1,0.166666666666667,0.333333333333333,"CORUM:2228","CORUM","BLM-RAD51L3-XRCC2 complex",3383,956,"CORUM","XRCC2","XRCC2","ENSG00000196584","CORUM - BLM-RAD51L3-XRCC2 complex"
"query_1",TRUE,0.0123875061458958,4,6,1,0.166666666666667,0.25,"CORUM:68","CORUM","BCDX2 complex",3383,35,"CORUM","XRCC2","XRCC2","ENSG00000196584","CORUM - BCDX2 complex"
"query_1",TRUE,0.0123875061458958,4,6,1,0.166666666666667,0.25,"CORUM:251","CORUM","BCDX2 complex",3383,138,"CORUM","XRCC2","XRCC2","ENSG00000196584","CORUM - BCDX2 complex"
"query_1",TRUE,0.0123875061458958,4,6,1,0.166666666666667,0.25,"CORUM:258","CORUM","BCDX2 complex",3383,143,"CORUM","XRCC2","XRCC2","ENSG00000196584","CORUM - BCDX2 complex"
"query_1",TRUE,0.0145627653792754,5,6,1,0.166666666666667,0.2,"CORUM:261","CORUM","RAD51B-RAD51C-RAD51D-XRCC2-XRCC3 complex",3383,146,"CORUM","XRCC2","XRCC2","ENSG00000196584","CORUM - RAD51B-RAD51C-RAD51D-XRCC2-XRCC3 complex"
"query_1",TRUE,0.0192267616988807,7,6,1,0.166666666666667,0.142857142857143,"CORUM:1625","CORUM","FA core complex (Fanconi anemia core complex)",3383,796,"CORUM","FANCB","FANCB","ENSG00000181544","CORUM - FA core complex (Fanconi anemia core complex)"
"query_1",TRUE,0.0193176007338709,9,6,1,0.166666666666667,0.111111111111111,"CORUM:245","CORUM","FA core complex (Fanconi anemia core complex)",3383,134,"CORUM","FANCB","FANCB","ENSG00000181544","CORUM - FA core complex (Fanconi anemia core complex)"
"query_1",TRUE,0.0193176007338709,9,6,1,0.166666666666667,0.111111111111111,"CORUM:1624","CORUM","FA core complex (Fanconi anemia core complex)",3383,795,"CORUM","FANCB","FANCB","ENSG00000181544","CORUM - FA core complex (Fanconi anemia core complex)"
"query_1",TRUE,0.0193176007338709,9,6,1,0.166666666666667,0.111111111111111,"CORUM:1004","CORUM","RC complex during S-phase of cell cycle",3383,540,"CORUM","CCNA2","CCNA2","ENSG00000145386","CORUM - RC complex during S-phase of cell cycle"
"query_1",TRUE,0.0193176007338709,8,6,1,0.166666666666667,0.125,"CORUM:1003","CORUM","RC complex (Replication competent complex)",3383,539,"CORUM","CCNA2","CCNA2","ENSG00000145386","CORUM - RC complex (Replication competent complex)"
"query_1",TRUE,0.0193176007338709,8,6,1,0.166666666666667,0.125,"CORUM:1152","CORUM","FA complex (Fanconi anemia complex)",3383,635,"CORUM","FANCB","FANCB","ENSG00000181544","CORUM - FA complex (Fanconi anemia complex)"
"query_1",TRUE,0.0197322895465154,10,6,1,0.166666666666667,0.1,"CORUM:1005","CORUM","RC complex during G2/M-phase of cell cycle",3383,541,"CORUM","CCNA2","CCNA2","ENSG00000145386","CORUM - RC complex during G2/M-phase of cell cycle"
"query_1",TRUE,0.0197322895465154,10,6,1,0.166666666666667,0.1,"CORUM:6884","CORUM","Fanconi anemia FAAP100 complex",3383,2436,"CORUM","FANCB","FANCB","ENSG00000181544","CORUM - Fanconi anemia FAAP100 complex"
"query_1",TRUE,0.0208552700469558,11,6,1,0.166666666666667,0.0909090909090909,"CORUM:2739","CORUM","FA complex (Fanconi anemia complex)",3383,1165,"CORUM","FANCB","FANCB","ENSG00000181544","CORUM - FA complex (Fanconi anemia complex)"
"query_1",TRUE,0.0236992227130575,13,6,1,0.166666666666667,0.0769230769230769,"CORUM:7388","CORUM","CENP-A nucleosomal complex",3383,2816,"CORUM","HJURP","HJURP","ENSG00000123485","CORUM - CENP-A nucleosomal complex"
"query_1",TRUE,0.000853312605230503,17,83,4,0.0481927710843374,0.235294117647059,"GO:0098974","GO:BP","postsynaptic actin cytoskeleton organization",21017,18985,"IEA,IEA,IEA,IEA","POTEE,POTEF,POTEI,POTEJ","POTEE,POTEF,POTEI,POTEJ","ENSG00000188219,ENSG00000196604,ENSG00000196834,ENSG00000222038","GO:BP - postsynaptic actin cytoskeleton organization"
"query_1",TRUE,0.000860746420476045,20,83,4,0.0481927710843374,0.2,"GO:0099188","GO:BP","postsynaptic cytoskeleton organization",21017,19092,"IEA,IEA,IEA,IEA","POTEE,POTEF,POTEI,POTEJ","POTEE,POTEF,POTEI,POTEJ","ENSG00000188219,ENSG00000196604,ENSG00000196834,ENSG00000222038","GO:BP - postsynaptic cytoskeleton organization"
"query_1",TRUE,0.000644792401178668,29,87,4,0.0459770114942529,0.137931034482759,"GO:0043189","GO:CC","H4/H2A histone acetyltransferase complex",22115,1828,"IBA,IBA,IBA,IBA","POTEE,POTEF,POTEI,POTEJ","POTEE,POTEF,POTEI,POTEJ","ENSG00000188219,ENSG00000196604,ENSG00000196834,ENSG00000222038","GO:CC - H4/H2A histone acetyltransferase complex"
"query_1",TRUE,0.000644792401178668,29,87,4,0.0459770114942529,0.137931034482759,"GO:0035267","GO:CC","NuA4 histone acetyltransferase complex",22115,1571,"IBA,IBA,IBA,IBA","POTEE,POTEF,POTEI,POTEJ","POTEE,POTEF,POTEI,POTEJ","ENSG00000188219,ENSG00000196604,ENSG00000196834,ENSG00000222038","GO:CC - NuA4 histone acetyltransferase complex"
"query_1",TRUE,0.00141922821257633,136,87,6,0.0689655172413793,0.0441176470588235,"GO:0000786","GO:CC","nucleosome",22115,90,"IEA,NAS IEA,IPI NAS IEA,IDA IPI TAS IEA,IEA,NAS IEA","H2AJ,H2BC6,H2BC11,H4C5,H1-3,H2BC8","H2AJ,H2BC6,H2BC11,H4C5,H1-3,H2BC8","ENSG00000246705,ENSG00000274290,ENSG00000124635,ENSG00000276966,ENSG00000124575,ENSG00000273802","GO:CC - nucleosome"
"query_1",TRUE,0.00160628905546652,43,87,4,0.0459770114942529,0.0930232558139535,"GO:1902562","GO:CC","H4 histone acetyltransferase complex",22115,3616,"IBA,IBA,IBA,IBA","POTEE,POTEF,POTEI,POTEJ","POTEE,POTEF,POTEI,POTEJ","ENSG00000188219,ENSG00000196604,ENSG00000196834,ENSG00000222038","GO:CC - H4 histone acetyltransferase complex"
"query_1",TRUE,0.00244195524386656,241,87,7,0.0804597701149425,0.029045643153527,"GO:0032993","GO:CC","protein-DNA complex",22115,1317,"IDA,IEA,NAS IEA,IPI NAS IEA,IDA IPI TAS IEA,IEA,NAS IEA","HMGA2,H2AJ,H2BC6,H2BC11,H4C5,H1-3,H2BC8","HMGA2,H2AJ,H2BC6,H2BC11,H4C5,H1-3,H2BC8","ENSG00000149948,ENSG00000246705,ENSG00000274290,ENSG00000124635,ENSG00000276966,ENSG00000124575,ENSG00000273802","GO:CC - protein-DNA complex"
"query_1",TRUE,0.00247379488305935,1956,87,20,0.229885057471264,0.0102249488752556,"GO:0005694","GO:CC","chromosome",22115,280,"IEA,IBA,IBA,IDA ISS IEA,IBA IEA,IDA IBA IEA,ISA,IBA,IEA,IDA IBA IEA,ISA,IBA,NAS IEA,IDA,IPI NAS IEA,ISA,IDA IPI HDA TAS IEA,ISA,IDA IEA,NAS IEA","HSPA2,POTEE,POTEF,HMGA2,REC8,XRCC2,NHLH1,POTEI,H2AJ,HJURP,SOX3,POTEJ,H2BC6,FANCB,H2BC11,HMX1,H4C5,TBX10,H1-3,H2BC8","HSPA2,POTEE,POTEF,HMGA2,REC8,XRCC2,NHLH1,POTEI,H2AJ,HJURP,SOX3,POTEJ,H2BC6,FANCB,H2BC11,HMX1,H4C5,TBX10,H1-3,H2BC8","ENSG00000126803,ENSG00000188219,ENSG00000196604,ENSG00000149948,ENSG00000100918,ENSG00000196584,ENSG00000171786,ENSG00000196834,ENSG00000246705,ENSG00000123485,ENSG00000134595,ENSG00000222038,ENSG00000274290,ENSG00000181544,ENSG00000124635,ENSG00000215612,ENSG00000276966,ENSG00000167800,ENSG00000124575,ENSG00000273802","GO:CC - chromosome"
"query_1",TRUE,0.00294635166958594,1371,87,16,0.183908045977011,0.0116703136396791,"GO:0000785","GO:CC","chromatin",22115,89,"IBA,IBA,IDA IEA,ISA,IBA,IEA,ISA,IBA,NAS IEA,IDA,IPI NAS IEA,ISA,IDA IPI TAS IEA,ISA,IDA IEA,NAS IEA","POTEE,POTEF,HMGA2,NHLH1,POTEI,H2AJ,SOX3,POTEJ,H2BC6,FANCB,H2BC11,HMX1,H4C5,TBX10,H1-3,H2BC8","POTEE,POTEF,HMGA2,NHLH1,POTEI,H2AJ,SOX3,POTEJ,H2BC6,FANCB,H2BC11,HMX1,H4C5,TBX10,H1-3,H2BC8","ENSG00000188219,ENSG00000196604,ENSG00000149948,ENSG00000171786,ENSG00000196834,ENSG00000246705,ENSG00000134595,ENSG00000222038,ENSG00000274290,ENSG00000181544,ENSG00000124635,ENSG00000215612,ENSG00000276966,ENSG00000167800,ENSG00000124575,ENSG00000273802","GO:CC - chromatin"
"query_1",TRUE,0.00381679487066294,121,87,5,0.0574712643678161,0.0413223140495868,"GO:0005884","GO:CC","actin filament",22115,408,"IBA,IBA,IBA,IBA,IDA IBA","POTEE,POTEF,POTEI,POTEJ,ACTA1","POTEE,POTEF,POTEI,POTEJ,ACTA1","ENSG00000188219,ENSG00000196604,ENSG00000196834,ENSG00000222038,ENSG00000143632","GO:CC - actin filament"
"query_1",TRUE,0.00606945727496404,137,87,5,0.0574712643678161,0.0364963503649635,"GO:0072562","GO:CC","blood microparticle",22115,2756,"HDA,HDA,HDA,HDA,HDA","HSPA2,POTEE,POTEF,TMPRSS13,ACTA1","HSPA2,POTEE,POTEF,TMPRSS13,ACTA1","ENSG00000126803,ENSG00000188219,ENSG00000196604,ENSG00000137747,ENSG00000143632","GO:CC - blood microparticle"
"query_1",TRUE,0.0125646467678159,92,87,4,0.0459770114942529,0.0434782608695652,"GO:0000123","GO:CC","histone acetyltransferase complex",22115,9,"IBA,IBA,IBA,IBA","POTEE,POTEF,POTEI,POTEJ","POTEE,POTEF,POTEI,POTEJ","ENSG00000188219,ENSG00000196604,ENSG00000196834,ENSG00000222038","GO:CC - histone acetyltransferase complex"
"query_1",TRUE,0.0160332759893813,102,87,4,0.0459770114942529,0.0392156862745098,"GO:0031248","GO:CC","protein acetyltransferase complex",22115,1047,"IBA,IBA,IBA,IBA","POTEE,POTEF,POTEI,POTEJ","POTEE,POTEF,POTEI,POTEJ","ENSG00000188219,ENSG00000196604,ENSG00000196834,ENSG00000222038","GO:CC - protein acetyltransferase complex"
"query_1",TRUE,0.0160332759893813,103,87,4,0.0459770114942529,0.0388349514563107,"GO:1902493","GO:CC","acetyltransferase complex",22115,3600,"IBA,IBA,IBA,IBA","POTEE,POTEF,POTEI,POTEJ","POTEE,POTEF,POTEI,POTEJ","ENSG00000188219,ENSG00000196604,ENSG00000196834,ENSG00000222038","GO:CC - acetyltransferase complex"
"query_1",TRUE,0.0313147696314923,15,87,2,0.0229885057471264,0.133333333333333,"GO:0072687","GO:CC","meiotic spindle",22115,2762,"ISS IEA,IEA","HSPA2,ASPM","HSPA2,ASPM","ENSG00000126803,ENSG00000066279","GO:CC - meiotic spindle"
"query_1",TRUE,0.0392440595253446,18,87,2,0.0229885057471264,0.111111111111111,"GO:0061638","GO:CC","CENP-A containing chromatin",22115,2257,"IPI,IPI","H2BC11,H4C5","H2BC11,H4C5","ENSG00000124635,ENSG00000276966","GO:CC - CENP-A containing chromatin"
"query_1",TRUE,0.0392440595253446,18,87,2,0.0229885057471264,0.111111111111111,"GO:0043505","GO:CC","CENP-A containing nucleosome",22115,1874,"IPI,IPI","H2BC11,H4C5","H2BC11,H4C5","ENSG00000124635,ENSG00000276966","GO:CC - CENP-A containing nucleosome"
"query_1",TRUE,0.0410148086295435,19,87,2,0.0229885057471264,0.105263157894737,"GO:0034506","GO:CC","chromosome, centromeric core domain",22115,1472,"IPI,IPI","H2BC11,H4C5","H2BC11,H4C5","ENSG00000124635,ENSG00000276966","GO:CC - chromosome, centromeric core domain"
"query_1",TRUE,1.26880389166367e-05,9,86,4,0.0465116279069767,0.444444444444444,"GO:0098973","GO:MF","structural constituent of postsynaptic actin cytoskeleton",20196,8589,"IBA,IBA,IBA,IBA","POTEE,POTEF,POTEI,POTEJ","POTEE,POTEF,POTEI,POTEJ","ENSG00000188219,ENSG00000196604,ENSG00000196834,ENSG00000222038","GO:MF - structural constituent of postsynaptic actin cytoskeleton"
"query_1",TRUE,8.87154314663687e-05,113,86,7,0.0813953488372093,0.0619469026548673,"GO:0005200","GO:MF","structural constituent of cytoskeleton",20196,1330,"IBA,IBA,IBA IEA,IBA,IBA,IBA IEA,TAS","POTEE,POTEF,TUBA1C,POTEI,POTEJ,TUBA3E,ACTA1","POTEE,POTEF,TUBA1C,POTEI,POTEJ,TUBA3E,ACTA1","ENSG00000188219,ENSG00000196604,ENSG00000167553,ENSG00000196834,ENSG00000222038,ENSG00000152086,ENSG00000143632","GO:MF - structural constituent of cytoskeleton"
"query_1",TRUE,0.000235377107597773,22,86,4,0.0465116279069767,0.181818181818182,"GO:0099186","GO:MF","structural constituent of postsynapse",20196,8610,"IBA,IBA,IBA,IBA","POTEE,POTEF,POTEI,POTEJ","POTEE,POTEF,POTEI,POTEJ","ENSG00000188219,ENSG00000196604,ENSG00000196834,ENSG00000222038","GO:MF - structural constituent of postsynapse"
"query_1",TRUE,0.000382573894298258,101,86,6,0.0697674418604651,0.0594059405940594,"GO:0030527","GO:MF","structural constituent of chromatin",20196,3709,"IEA,IEA,IEA,IDA IEA,IEA,IEA","H2AJ,H2BC6,H2BC11,H4C5,H1-3,H2BC8","H2AJ,H2BC6,H2BC11,H4C5,H1-3,H2BC8","ENSG00000246705,ENSG00000274290,ENSG00000124635,ENSG00000276966,ENSG00000124575,ENSG00000273802","GO:MF - structural constituent of chromatin"
"query_1",TRUE,0.000387670091931046,28,86,4,0.0465116279069767,0.142857142857143,"GO:0098918","GO:MF","structural constituent of synapse",20196,8586,"IBA,IBA,IBA,IBA","POTEE,POTEF,POTEI,POTEJ","POTEE,POTEF,POTEI,POTEJ","ENSG00000188219,ENSG00000196604,ENSG00000196834,ENSG00000222038","GO:MF - structural constituent of synapse"
"query_1",TRUE,0.00331486146200277,1104,86,15,0.174418604651163,0.0135869565217391,"GO:0005198","GO:MF","structural molecule activity",20196,1328,"IBA,IBA,IBA TAS IEA,IBA,IEA,IBA,IEA,IEA,IEA,IBA IEA,IEA,IDA IEA,IEA,IEA,TAS","POTEE,POTEF,TUBA1C,POTEI,H2AJ,POTEJ,H2BC6,AMBN,H2BC11,TUBA3E,RNA5SP118,H4C5,H1-3,H2BC8,ACTA1","POTEE,POTEF,TUBA1C,POTEI,H2AJ,POTEJ,H2BC6,AMBN,H2BC11,TUBA3E,RNA5SP118,H4C5,H1-3,H2BC8,ACTA1","ENSG00000188219,ENSG00000196604,ENSG00000167553,ENSG00000196834,ENSG00000246705,ENSG00000222038,ENSG00000274290,ENSG00000178522,ENSG00000124635,ENSG00000152086,ENSG00000222317,ENSG00000276966,ENSG00000124575,ENSG00000273802,ENSG00000143632","GO:MF - structural molecule activity"
"query_1",TRUE,0.0368517712431875,2541,86,22,0.255813953488372,0.00865800865800866,"GO:0003677","GO:MF","DNA binding",20196,322,"IDA IMP IEA,IBA IEA,IBA IEA,IDA IBA IEA,IDA IBA IEA,IDA,IBA IEA,IEA,IDA ISS IBA TAS IEA,NAS IEA,IBA IEA,IDA IBA IEA,NAS IEA,IDA IMP IBA IEA,IBA IEA,IEA,IBA TAS IEA,IBA IEA,IDA IBA IEA,NAS IEA,IBA IEA,IBA IEA","HMGA2,ZNF578,ZNF77,XRCC2,NHLH1,COLEC11,H2AJ,HJURP,SOX3,H2BC6,ZNF619,ZNF300,H2BC11,HMX1,ZNF727,SP140L,H4C5,TBX10,H1-3,H2BC8,ZNF558,ARID3C","HMGA2,ZNF578,ZNF77,XRCC2,NHLH1,COLEC11,H2AJ,HJURP,SOX3,H2BC6,ZNF619,ZNF300,H2BC11,HMX1,ZNF727,SP140L,H4C5,TBX10,H1-3,H2BC8,ZNF558,ARID3C","ENSG00000149948,ENSG00000258405,ENSG00000175691,ENSG00000196584,ENSG00000171786,ENSG00000118004,ENSG00000246705,ENSG00000123485,ENSG00000134595,ENSG00000274290,ENSG00000177873,ENSG00000145908,ENSG00000124635,ENSG00000215612,ENSG00000214652,ENSG00000185404,ENSG00000276966,ENSG00000167800,ENSG00000124575,ENSG00000273802,ENSG00000167785,ENSG00000205143","GO:MF - DNA binding"
"query_1",TRUE,0.0465380655306433,30,25,3,0.12,0.1,"HP:0010293","HP","Aplasia/Hypoplasia of the uvula",5080,6727,"HP,HP,HP","UBE2T,XRCC2,FANCB","UBE2T,XRCC2,FANCB","ENSG00000077152,ENSG00000196584,ENSG00000181544","HP - Aplasia/Hypoplasia of the uvula"
"query_1",TRUE,0.0465380655306433,64,25,4,0.16,0.0625,"HP:0200005","HP","Abnormal shape of the palpebral fissure",5080,16542,"HP,HP,HP,HP","UBE2T,KIF15,XRCC2,FANCB","UBE2T,KIF15,XRCC2,FANCB","ENSG00000077152,ENSG00000163808,ENSG00000196584,ENSG00000181544","HP - Abnormal shape of the palpebral fissure"
"query_1",TRUE,0.0465380655306433,29,25,3,0.12,0.103448275862069,"HP:0100867","HP","Duodenal stenosis",5080,16448,"HP,HP,HP","UBE2T,XRCC2,FANCB","UBE2T,XRCC2,FANCB","ENSG00000077152,ENSG00000196584,ENSG00000181544","HP - Duodenal stenosis"
"query_1",TRUE,0.0465380655306433,30,25,3,0.12,0.1,"HP:0100760","HP","Clubbing of toes",5080,16351,"HP,HP,HP","UBE2T,XRCC2,FANCB","UBE2T,XRCC2,FANCB","ENSG00000077152,ENSG00000196584,ENSG00000181544","HP - Clubbing of toes"
"query_1",TRUE,0.0465380655306433,29,25,3,0.12,0.103448275862069,"HP:0012848","HP","Small intestinal stenosis",5080,9203,"HP,HP,HP","UBE2T,XRCC2,FANCB","UBE2T,XRCC2,FANCB","ENSG00000077152,ENSG00000196584,ENSG00000181544","HP - Small intestinal stenosis"
"query_1",TRUE,0.0465380655306433,123,25,5,0.2,0.040650406504065,"HP:0012745","HP","Short palpebral fissure",5080,9100,"HP,HP,HP,HP,HP","UBE2T,KIF15,XRCC2,FANCB,H4C5","UBE2T,KIF15,XRCC2,FANCB,H4C5","ENSG00000077152,ENSG00000163808,ENSG00000196584,ENSG00000181544,ENSG00000276966","HP - Short palpebral fissure"
"query_1",TRUE,0.0465380655306433,25,25,3,0.12,0.12,"HP:0010469","HP","Absent testis",5080,6897,"HP,HP,HP","UBE2T,XRCC2,FANCB","UBE2T,XRCC2,FANCB","ENSG00000077152,ENSG00000196584,ENSG00000181544","HP - Absent testis"
"query_1",TRUE,0.0465380655306433,1153,25,14,0.56,0.0121422376409367,"HP:0010461","HP","Abnormality of the male genitalia",5080,6891,"HP,HP,HP,HP,HP,HP,HP,HP,HP,HP,HP,HP,HP,HP","HMGA2,TAC3,UBE2T,XRCC2,COLEC11,GREM1,CDON,SOX3,FANCB,RNASEL,HLA-DPB1,H4C5,HYMAI,ACTA1","HMGA2,TAC3,UBE2T,XRCC2,COLEC11,GREM1,CDON,SOX3,FANCB,RNASEL,HLA-DPB1,H4C5,HYMAI,ACTA1","ENSG00000149948,ENSG00000166863,ENSG00000077152,ENSG00000196584,ENSG00000118004,ENSG00000166923,ENSG00000064309,ENSG00000134595,ENSG00000181544,ENSG00000135828,ENSG00000223865,ENSG00000276966,ENSG00000283122,ENSG00000143632","HP - Abnormality of the male genitalia"
"query_1",TRUE,0.0465380655306433,358,25,8,0.32,0.0223463687150838,"HP:0008678","HP","Renal hypoplasia/aplasia",5080,5431,"HP,HP,HP,HP,HP,HP,HP,HP","HMGA2,UBE2T,ASPM,XRCC2,CDON,CEP55,FANCB,H4C5","HMGA2,UBE2T,ASPM,XRCC2,CDON,CEP55,FANCB,H4C5","ENSG00000149948,ENSG00000077152,ENSG00000066279,ENSG00000196584,ENSG00000064309,ENSG00000138180,ENSG00000181544,ENSG00000276966","HP - Renal hypoplasia/aplasia"
"query_1",TRUE,0.0465380655306433,58,25,4,0.16,0.0689655172413793,"HP:0007874","HP","Almond-shaped palpebral fissure",5080,4988,"HP,HP,HP,HP","UBE2T,KIF15,XRCC2,FANCB","UBE2T,KIF15,XRCC2,FANCB","ENSG00000077152,ENSG00000163808,ENSG00000196584,ENSG00000181544","HP - Almond-shaped palpebral fissure"
"query_1",TRUE,0.0465380655306433,23,25,3,0.12,0.130434782608696,"HP:0005522","HP","Pyridoxine-responsive sideroblastic anemia",5080,3718,"HP,HP,HP","UBE2T,XRCC2,FANCB","UBE2T,XRCC2,FANCB","ENSG00000077152,ENSG00000196584,ENSG00000181544","HP - Pyridoxine-responsive sideroblastic anemia"
"query_1",TRUE,0.0465380655306433,135,25,5,0.2,0.037037037037037,"HP:0002414","HP","Spina bifida",5080,1756,"HP,HP,HP,HP,HP","UBE2T,XRCC2,COLEC11,FANCB,HMX1","UBE2T,XRCC2,COLEC11,FANCB,HMX1","ENSG00000077152,ENSG00000196584,ENSG00000118004,ENSG00000181544,ENSG00000215612","HP - Spina bifida"
"query_1",TRUE,0.0465380655306433,611,25,10,0.4,0.016366612111293,"HP:0000175","HP","Cleft palate",5080,151,"HP,HP,HP,HP,HP,HP,HP,HP,HP,HP","HMGA2,TAC3,UBE2T,KIF15,XRCC2,COLEC11,CDON,SOX3,FANCB,H4C5","HMGA2,TAC3,UBE2T,KIF15,XRCC2,COLEC11,CDON,SOX3,FANCB,H4C5","ENSG00000149948,ENSG00000166863,ENSG00000077152,ENSG00000163808,ENSG00000196584,ENSG00000118004,ENSG00000064309,ENSG00000134595,ENSG00000181544,ENSG00000276966","HP - Cleft palate"
"query_1",TRUE,0.0465380655306433,191,25,6,0.24,0.031413612565445,"HP:0001562","HP","Oligohydramnios",5080,1140,"HP,HP,HP,HP,HP,HP","HMGA2,UBE2T,XRCC2,CEP55,FANCB,HYMAI","HMGA2,UBE2T,XRCC2,CEP55,FANCB,HYMAI","ENSG00000149948,ENSG00000077152,ENSG00000196584,ENSG00000138180,ENSG00000181544,ENSG00000283122","HP - Oligohydramnios"
"query_1",TRUE,0.0465380655306433,131,25,5,0.2,0.0381679389312977,"HP:0000957","HP","Cafe-au-lait spot",5080,744,"HP,HP,HP,HP,HP","HMGA2,UBE2T,XRCC2,FANCB,H4C5","HMGA2,UBE2T,XRCC2,FANCB,H4C5","ENSG00000149948,ENSG00000077152,ENSG00000196584,ENSG00000181544,ENSG00000276966","HP - Cafe-au-lait spot"
"query_1",TRUE,0.0465380655306433,283,25,7,0.28,0.0247349823321555,"HP:0000520","HP","Proptosis",5080,397,"HP,HP,HP,HP,HP,HP,HP","UBE2T,ASPM,XRCC2,CDON,FANCB,HLA-DPB1,HYMAI","UBE2T,ASPM,XRCC2,CDON,FANCB,HLA-DPB1,HYMAI","ENSG00000077152,ENSG00000066279,ENSG00000196584,ENSG00000064309,ENSG00000181544,ENSG00000223865,ENSG00000283122","HP - Proptosis"
"query_1",TRUE,0.0465380655306433,134,25,5,0.2,0.0373134328358209,"HP:0000415","HP","Abnormal choanae morphology",5080,320,"HP,HP,HP,HP,HP","UBE2T,XRCC2,CDON,CEP55,FANCB","UBE2T,XRCC2,CDON,CEP55,FANCB","ENSG00000077152,ENSG00000196584,ENSG00000064309,ENSG00000138180,ENSG00000181544","HP - Abnormal choanae morphology"
"query_1",TRUE,0.0472197595928328,32,25,3,0.12,0.09375,"HP:0002245","HP","Meckel diverticulum",5080,1648,"HP,HP,HP","UBE2T,XRCC2,FANCB","UBE2T,XRCC2,FANCB","ENSG00000077152,ENSG00000196584,ENSG00000181544","HP - Meckel diverticulum"
"query_1",TRUE,0.0472197595928328,304,25,7,0.28,0.0230263157894737,"HP:0200007","HP","Abnormal size of the palpebral fissures",5080,16544,"HP,HP,HP,HP,HP,HP,HP","UBE2T,KIF15,XRCC2,COLEC11,CEP55,FANCB,H4C5","UBE2T,KIF15,XRCC2,COLEC11,CEP55,FANCB,H4C5","ENSG00000077152,ENSG00000163808,ENSG00000196584,ENSG00000118004,ENSG00000138180,ENSG00000181544,ENSG00000276966","HP - Abnormal size of the palpebral fissures"
"query_1",TRUE,0.0475705332880657,312,25,7,0.28,0.0224358974358974,"HP:0410043","HP","Abnormal neural tube morphology",5080,16679,"HP,HP,HP,HP,HP,HP,HP","UBE2T,XRCC2,COLEC11,CDON,CEP55,FANCB,HMX1","UBE2T,XRCC2,COLEC11,CDON,CEP55,FANCB,HMX1","ENSG00000077152,ENSG00000196584,ENSG00000118004,ENSG00000064309,ENSG00000138180,ENSG00000181544,ENSG00000215612","HP - Abnormal neural tube morphology"
"query_1",TRUE,0.0475705332880657,653,25,10,0.4,0.0153139356814701,"HP:0000202","HP","Orofacial cleft",5080,173,"HP,HP,HP,HP,HP,HP,HP,HP,HP,HP","HMGA2,TAC3,UBE2T,KIF15,XRCC2,COLEC11,CDON,SOX3,FANCB,H4C5","HMGA2,TAC3,UBE2T,KIF15,XRCC2,COLEC11,CDON,SOX3,FANCB,H4C5","ENSG00000149948,ENSG00000166863,ENSG00000077152,ENSG00000163808,ENSG00000196584,ENSG00000118004,ENSG00000064309,ENSG00000134595,ENSG00000181544,ENSG00000276966","HP - Orofacial cleft"
"query_1",TRUE,0.0475705332880657,312,25,7,0.28,0.0224358974358974,"HP:0045005","HP","Neural tube defect",5080,15562,"HP,HP,HP,HP,HP,HP,HP","UBE2T,XRCC2,COLEC11,CDON,CEP55,FANCB,HMX1","UBE2T,XRCC2,COLEC11,CDON,CEP55,FANCB,HMX1","ENSG00000077152,ENSG00000196584,ENSG00000118004,ENSG00000064309,ENSG00000138180,ENSG00000181544,ENSG00000215612","HP - Neural tube defect"
"query_1",TRUE,0.0475705332880657,223,25,6,0.24,0.0269058295964126,"HP:0045058","HP","Abnormality of the testis size",5080,15601,"HP,HP,HP,HP,HP,HP","TAC3,UBE2T,XRCC2,SOX3,FANCB,H4C5","TAC3,UBE2T,XRCC2,SOX3,FANCB,H4C5","ENSG00000166863,ENSG00000077152,ENSG00000196584,ENSG00000134595,ENSG00000181544,ENSG00000276966","HP - Abnormality of the testis size"
"query_1",TRUE,0.0475705332880657,150,25,5,0.2,0.0333333333333333,"HP:0010301","HP","Spinal dysraphism",5080,6735,"HP,HP,HP,HP,HP","UBE2T,XRCC2,COLEC11,FANCB,HMX1","UBE2T,XRCC2,COLEC11,FANCB,HMX1","ENSG00000077152,ENSG00000196584,ENSG00000118004,ENSG00000181544,ENSG00000215612","HP - Spinal dysraphism"
"query_1",TRUE,0.0475705332880657,35,25,3,0.12,0.0857142857142857,"HP:0001924","HP","Sideroblastic anemia",5080,1392,"HP,HP,HP","UBE2T,XRCC2,FANCB","UBE2T,XRCC2,FANCB","ENSG00000077152,ENSG00000196584,ENSG00000181544","HP - Sideroblastic anemia"
"query_1",TRUE,0.0475705332880657,36,25,3,0.12,0.0833333333333333,"HP:0100587","HP","Abnormal preputium morphology",5080,16198,"HP,HP,HP","UBE2T,XRCC2,FANCB","UBE2T,XRCC2,FANCB","ENSG00000077152,ENSG00000196584,ENSG00000181544","HP - Abnormal preputium morphology"
"query_1",TRUE,0.0475705332880657,658,25,10,0.4,0.0151975683890578,"HP:5201015","HP","Craniofacial cleft",5080,17871,"HP,HP,HP,HP,HP,HP,HP,HP,HP,HP","HMGA2,TAC3,UBE2T,KIF15,XRCC2,COLEC11,CDON,SOX3,FANCB,H4C5","HMGA2,TAC3,UBE2T,KIF15,XRCC2,COLEC11,CDON,SOX3,FANCB,H4C5","ENSG00000149948,ENSG00000166863,ENSG00000077152,ENSG00000163808,ENSG00000196584,ENSG00000118004,ENSG00000064309,ENSG00000134595,ENSG00000181544,ENSG00000276966","HP - Craniofacial cleft"
"query_1",TRUE,0.00204344554961614,132,38,6,0.157894736842105,0.0454545454545455,"KEGG:05322","KEGG","Systemic lupus erythematosus",8484,484,"KEGG,KEGG,KEGG,KEGG,KEGG,KEGG","H2AJ,H2BC6,H2BC11,HLA-DPB1,H4C5,H2BC8","H2AJ,H2BC6,H2BC11,HLA-DPB1,H4C5,H2BC8","ENSG00000246705,ENSG00000274290,ENSG00000124635,ENSG00000223865,ENSG00000276966,ENSG00000273802","KEGG - Systemic lupus erythematosus"
"query_1",TRUE,0.00714558318842981,187,38,6,0.157894736842105,0.0320855614973262,"KEGG:05034","KEGG","Alcoholism",8484,422,"KEGG,KEGG,KEGG,KEGG,KEGG,KEGG","H2AJ,PDYN,H2BC6,H2BC11,H4C5,H2BC8","H2AJ,PDYN,H2BC6,H2BC11,H4C5,H2BC8","ENSG00000246705,ENSG00000101327,ENSG00000274290,ENSG00000124635,ENSG00000276966,ENSG00000273802","KEGG - Alcoholism"
"query_1",TRUE,0.0332129903715311,506,38,8,0.210526315789474,0.0158102766798419,"KEGG:05168","KEGG","Herpes simplex virus 1 infection",8484,449,"KEGG,KEGG,KEGG,KEGG,KEGG,KEGG,KEGG,KEGG","ZNF578,ZNF77,ZNF619,RNASEL,ZNF300,HLA-DPB1,ZNF727,ZNF558","ZNF578,ZNF77,ZNF619,RNASEL,ZNF300,HLA-DPB1,ZNF727,ZNF558","ENSG00000258405,ENSG00000175691,ENSG00000177873,ENSG00000135828,ENSG00000145908,ENSG00000223865,ENSG00000214652,ENSG00000167785","KEGG - Herpes simplex virus 1 infection"
"query_1",TRUE,0.0332129903715311,201,38,5,0.131578947368421,0.0248756218905473,"KEGG:05203","KEGG","Viral carcinogenesis",8484,455,"KEGG,KEGG,KEGG,KEGG,KEGG","CCNA2,H2BC6,H2BC11,H4C5,H2BC8","CCNA2,H2BC6,H2BC11,H4C5,H2BC8","ENSG00000145386,ENSG00000274290,ENSG00000124635,ENSG00000276966,ENSG00000273802","KEGG - Viral carcinogenesis"
"query_1",TRUE,0.0332129903715311,188,38,5,0.131578947368421,0.0265957446808511,"KEGG:04613","KEGG","Neutrophil extracellular trap formation",8484,323,"KEGG,KEGG,KEGG,KEGG,KEGG","H2AJ,H2BC6,H2BC11,H4C5,H2BC8","H2AJ,H2BC6,H2BC11,H4C5,H2BC8","ENSG00000246705,ENSG00000274290,ENSG00000124635,ENSG00000276966,ENSG00000273802","KEGG - Neutrophil extracellular trap formation"
"query_1",TRUE,6.32231346332141e-07,79,49,8,0.163265306122449,0.10126582278481,"REAC:R-HSA-2559586","REAC","DNA Damage/Telomere Stress Induced Senescence",10916,441,"REAC,REAC,REAC,REAC,REAC,REAC,REAC,REAC","HMGA2,CCNA2,H2AJ,H2BC6,H2BC11,H4C5,H1-3,H2BC8","HMGA2,CCNA2,H2AJ,H2BC6,H2BC11,H4C5,H1-3,H2BC8","ENSG00000149948,ENSG00000145386,ENSG00000246705,ENSG00000274290,ENSG00000124635,ENSG00000276966,ENSG00000124575,ENSG00000273802","REAC - DNA Damage/Telomere Stress Induced Senescence"
"query_1",TRUE,6.91419357729351e-06,76,49,7,0.142857142857143,0.0921052631578947,"REAC:R-HSA-1221632","REAC","Meiotic synapsis",10916,1412,"REAC,REAC,REAC,REAC,REAC,REAC,REAC","HSPA2,REC8,H2AJ,H2BC6,H2BC11,H4C5,H2BC8","HSPA2,REC8,H2AJ,H2BC6,H2BC11,H4C5,H2BC8","ENSG00000126803,ENSG00000100918,ENSG00000246705,ENSG00000274290,ENSG00000124635,ENSG00000276966,ENSG00000273802","REAC - Meiotic synapsis"
"query_1",TRUE,5.15229842823818e-05,116,49,7,0.142857142857143,0.0603448275862069,"REAC:R-HSA-1500620","REAC","Meiosis",10916,1410,"REAC,REAC,REAC,REAC,REAC,REAC,REAC","HSPA2,REC8,H2AJ,H2BC6,H2BC11,H4C5,H2BC8","HSPA2,REC8,H2AJ,H2BC6,H2BC11,H4C5,H2BC8","ENSG00000126803,ENSG00000100918,ENSG00000246705,ENSG00000274290,ENSG00000124635,ENSG00000276966,ENSG00000273802","REAC - Meiosis"
"query_1",TRUE,5.15229842823818e-05,72,49,6,0.122448979591837,0.0833333333333333,"REAC:R-HSA-606279","REAC","Deposition of new CENPA-containing nucleosomes at the centromere",10916,730,"REAC,REAC,REAC,REAC,REAC,REAC","H2AJ,HJURP,H2BC6,H2BC11,H4C5,H2BC8","H2AJ,HJURP,H2BC6,H2BC11,H4C5,H2BC8","ENSG00000246705,ENSG00000123485,ENSG00000274290,ENSG00000124635,ENSG00000276966,ENSG00000273802","REAC - Deposition of new CENPA-containing nucleosomes at the centromere"
"query_1",TRUE,5.15229842823818e-05,72,49,6,0.122448979591837,0.0833333333333333,"REAC:R-HSA-774815","REAC","Nucleosome assembly",10916,1621,"REAC,REAC,REAC,REAC,REAC,REAC","H2AJ,HJURP,H2BC6,H2BC11,H4C5,H2BC8","H2AJ,HJURP,H2BC6,H2BC11,H4C5,H2BC8","ENSG00000246705,ENSG00000123485,ENSG00000274290,ENSG00000124635,ENSG00000276966,ENSG00000273802","REAC - Nucleosome assembly"
"query_1",TRUE,0.000117946844498214,194,49,8,0.163265306122449,0.0412371134020619,"REAC:R-HSA-2559583","REAC","Cellular Senescence",10916,331,"REAC,REAC,REAC,REAC,REAC,REAC,REAC,REAC","HMGA2,CCNA2,H2AJ,H2BC6,H2BC11,H4C5,H1-3,H2BC8","HMGA2,CCNA2,H2AJ,H2BC6,H2BC11,H4C5,H1-3,H2BC8","ENSG00000149948,ENSG00000145386,ENSG00000246705,ENSG00000274290,ENSG00000124635,ENSG00000276966,ENSG00000124575,ENSG00000273802","REAC - Cellular Senescence"
"query_1",TRUE,0.000118703705057868,138,49,7,0.142857142857143,0.0507246376811594,"REAC:R-HSA-73886","REAC","Chromosome Maintenance",10916,357,"REAC,REAC,REAC,REAC,REAC,REAC,REAC","CCNA2,H2AJ,HJURP,H2BC6,H2BC11,H4C5,H2BC8","CCNA2,H2AJ,HJURP,H2BC6,H2BC11,H4C5,H2BC8","ENSG00000145386,ENSG00000246705,ENSG00000123485,ENSG00000274290,ENSG00000124635,ENSG00000276966,ENSG00000273802","REAC - Chromosome Maintenance"
"query_1",TRUE,0.000122490763689451,54,49,5,0.102040816326531,0.0925925925925926,"REAC:R-HSA-73927","REAC","Depurination",10916,731,"REAC,REAC,REAC,REAC,REAC","H2AJ,H2BC6,H2BC11,H4C5,H2BC8","H2AJ,H2BC6,H2BC11,H4C5,H2BC8","ENSG00000246705,ENSG00000274290,ENSG00000124635,ENSG00000276966,ENSG00000273802","REAC - Depurination"
"query_1",TRUE,0.000122490763689451,54,49,5,0.102040816326531,0.0925925925925926,"REAC:R-HSA-110331","REAC","Cleavage of the damaged purine",10916,373,"REAC,REAC,REAC,REAC,REAC","H2AJ,H2BC6,H2BC11,H4C5,H2BC8","H2AJ,H2BC6,H2BC11,H4C5,H2BC8","ENSG00000246705,ENSG00000274290,ENSG00000124635,ENSG00000276966,ENSG00000273802","REAC - Cleavage of the damaged purine"
"query_1",TRUE,0.000122490763689451,54,49,5,0.102040816326531,0.0925925925925926,"REAC:R-HSA-110330","REAC","Recognition and association of DNA glycosylase with site containing an affected purine",10916,1946,"REAC,REAC,REAC,REAC,REAC","H2AJ,H2BC6,H2BC11,H4C5,H2BC8","H2AJ,H2BC6,H2BC11,H4C5,H2BC8","ENSG00000246705,ENSG00000274290,ENSG00000124635,ENSG00000276966,ENSG00000273802","REAC - Recognition and association of DNA glycosylase with site containing an affected purine"
"query_1",TRUE,0.000122490763689451,51,49,5,0.102040816326531,0.0980392156862745,"REAC:R-HSA-171306","REAC","Packaging Of Telomere Ends",10916,1712,"REAC,REAC,REAC,REAC,REAC","H2AJ,H2BC6,H2BC11,H4C5,H2BC8","H2AJ,H2BC6,H2BC11,H4C5,H2BC8","ENSG00000246705,ENSG00000274290,ENSG00000124635,ENSG00000276966,ENSG00000273802","REAC - Packaging Of Telomere Ends"
"query_1",TRUE,0.00013982832427112,154,49,7,0.142857142857143,0.0454545454545455,"REAC:R-HSA-1474165","REAC","Reproduction",10916,2064,"REAC,REAC,REAC,REAC,REAC,REAC,REAC","HSPA2,REC8,H2AJ,H2BC6,H2BC11,H4C5,H2BC8","HSPA2,REC8,H2AJ,H2BC6,H2BC11,H4C5,H2BC8","ENSG00000126803,ENSG00000100918,ENSG00000246705,ENSG00000274290,ENSG00000124635,ENSG00000276966,ENSG00000273802","REAC - Reproduction"
"query_1",TRUE,0.00013982832427112,59,49,5,0.102040816326531,0.0847457627118644,"REAC:R-HSA-110329","REAC","Cleavage of the damaged pyrimidine ",10916,374,"REAC,REAC,REAC,REAC,REAC","H2AJ,H2BC6,H2BC11,H4C5,H2BC8","H2AJ,H2BC6,H2BC11,H4C5,H2BC8","ENSG00000246705,ENSG00000274290,ENSG00000124635,ENSG00000276966,ENSG00000273802","REAC - Cleavage of the damaged pyrimidine "
"query_1",TRUE,0.00013982832427112,59,49,5,0.102040816326531,0.0847457627118644,"REAC:R-HSA-110328","REAC","Recognition and association of DNA glycosylase with site containing an affected pyrimidine",10916,1947,"REAC,REAC,REAC,REAC,REAC","H2AJ,H2BC6,H2BC11,H4C5,H2BC8","H2AJ,H2BC6,H2BC11,H4C5,H2BC8","ENSG00000246705,ENSG00000274290,ENSG00000124635,ENSG00000276966,ENSG00000273802","REAC - Recognition and association of DNA glycosylase with site containing an affected pyrimidine"
"query_1",TRUE,0.00013982832427112,59,49,5,0.102040816326531,0.0847457627118644,"REAC:R-HSA-73928","REAC","Depyrimidination",10916,732,"REAC,REAC,REAC,REAC,REAC","H2AJ,H2BC6,H2BC11,H4C5,H2BC8","H2AJ,H2BC6,H2BC11,H4C5,H2BC8","ENSG00000246705,ENSG00000274290,ENSG00000124635,ENSG00000276966,ENSG00000273802","REAC - Depyrimidination"
"query_1",TRUE,0.000142526192124471,60,49,5,0.102040816326531,0.0833333333333333,"REAC:R-HSA-73929","REAC","Base-Excision Repair, AP Site Formation",10916,206,"REAC,REAC,REAC,REAC,REAC","H2AJ,H2BC6,H2BC11,H4C5,H2BC8","H2AJ,H2BC6,H2BC11,H4C5,H2BC8","ENSG00000246705,ENSG00000274290,ENSG00000124635,ENSG00000276966,ENSG00000273802","REAC - Base-Excision Repair, AP Site Formation"
"query_1",TRUE,0.000157871548983913,62,49,5,0.102040816326531,0.0806451612903226,"REAC:R-HSA-73728","REAC","RNA Polymerase I Promoter Opening",10916,1883,"REAC,REAC,REAC,REAC,REAC","H2AJ,H2BC6,H2BC11,H4C5,H2BC8","H2AJ,H2BC6,H2BC11,H4C5,H2BC8","ENSG00000246705,ENSG00000274290,ENSG00000124635,ENSG00000276966,ENSG00000273802","REAC - RNA Polymerase I Promoter Opening"
"query_1",TRUE,0.000160758050243857,64,49,5,0.102040816326531,0.078125,"REAC:R-HSA-5334118","REAC","DNA methylation",10916,447,"REAC,REAC,REAC,REAC,REAC","H2AJ,H2BC6,H2BC11,H4C5,H2BC8","H2AJ,H2BC6,H2BC11,H4C5,H2BC8","ENSG00000246705,ENSG00000274290,ENSG00000124635,ENSG00000276966,ENSG00000273802","REAC - DNA methylation"
"query_1",TRUE,0.000160758050243857,111,49,6,0.122448979591837,0.0540540540540541,"REAC:R-HSA-2559582","REAC","Senescence-Associated Secretory Phenotype (SASP)",10916,2194,"REAC,REAC,REAC,REAC,REAC,REAC","CCNA2,H2AJ,H2BC6,H2BC11,H4C5,H2BC8","CCNA2,H2AJ,H2BC6,H2BC11,H4C5,H2BC8","ENSG00000145386,ENSG00000246705,ENSG00000274290,ENSG00000124635,ENSG00000276966,ENSG00000273802","REAC - Senescence-Associated Secretory Phenotype (SASP)"
"query_1",TRUE,0.000160758050243857,111,49,6,0.122448979591837,0.0540540540540541,"REAC:R-HSA-157579","REAC","Telomere Maintenance",10916,2489,"REAC,REAC,REAC,REAC,REAC,REAC","CCNA2,H2AJ,H2BC6,H2BC11,H4C5,H2BC8","CCNA2,H2AJ,H2BC6,H2BC11,H4C5,H2BC8","ENSG00000145386,ENSG00000246705,ENSG00000274290,ENSG00000124635,ENSG00000276966,ENSG00000273802","REAC - Telomere Maintenance"
"query_1",TRUE,0.000166228778304165,66,49,5,0.102040816326531,0.0757575757575758,"REAC:R-HSA-9670095","REAC","Inhibition of DNA recombination at telomere",10916,1189,"REAC,REAC,REAC,REAC,REAC","H2AJ,H2BC6,H2BC11,H4C5,H2BC8","H2AJ,H2BC6,H2BC11,H4C5,H2BC8","ENSG00000246705,ENSG00000274290,ENSG00000124635,ENSG00000276966,ENSG00000273802","REAC - Inhibition of DNA recombination at telomere"
"query_1",TRUE,0.000166228778304165,66,49,5,0.102040816326531,0.0757575757575758,"REAC:R-HSA-5625886","REAC","Activated PKN1 stimulates transcription of AR (androgen receptor) regulated genes KLK2 and KLK3",10916,68,"REAC,REAC,REAC,REAC,REAC","H2AJ,H2BC6,H2BC11,H4C5,H2BC8","H2AJ,H2BC6,H2BC11,H4C5,H2BC8","ENSG00000246705,ENSG00000274290,ENSG00000124635,ENSG00000276966,ENSG00000273802","REAC - Activated PKN1 stimulates transcription of AR (androgen receptor) regulated genes KLK2 and KLK3"
"query_1",TRUE,0.000171247445236758,67,49,5,0.102040816326531,0.0746268656716418,"REAC:R-HSA-427359","REAC","SIRT1 negatively regulates rRNA expression",10916,2142,"REAC,REAC,REAC,REAC,REAC","H2AJ,H2BC6,H2BC11,H4C5,H2BC8","H2AJ,H2BC6,H2BC11,H4C5,H2BC8","ENSG00000246705,ENSG00000274290,ENSG00000124635,ENSG00000276966,ENSG00000273802","REAC - SIRT1 negatively regulates rRNA expression"
"query_1",TRUE,0.000176542398839481,68,49,5,0.102040816326531,0.0735294117647059,"REAC:R-HSA-68616","REAC","Assembly of the ORC complex at the origin of replication",10916,178,"REAC,REAC,REAC,REAC,REAC","H2AJ,H2BC6,H2BC11,H4C5,H2BC8","H2AJ,H2BC6,H2BC11,H4C5,H2BC8","ENSG00000246705,ENSG00000274290,ENSG00000124635,ENSG00000276966,ENSG00000273802","REAC - Assembly of the ORC complex at the origin of replication"
"query_1",TRUE,0.000177401229636907,329,49,9,0.183673469387755,0.027355623100304,"REAC:R-HSA-73894","REAC","DNA Repair",10916,444,"REAC,REAC,REAC,REAC,REAC,REAC,REAC,REAC,REAC","UBE2T,CCNA2,XRCC2,H2AJ,H2BC6,FANCB,H2BC11,H4C5,H2BC8","UBE2T,CCNA2,XRCC2,H2AJ,H2BC6,FANCB,H2BC11,H4C5,H2BC8","ENSG00000077152,ENSG00000145386,ENSG00000196584,ENSG00000246705,ENSG00000274290,ENSG00000181544,ENSG00000124635,ENSG00000276966,ENSG00000273802","REAC - DNA Repair"
"query_1",TRUE,0.000187940661490125,70,49,5,0.102040816326531,0.0714285714285714,"REAC:R-HSA-9821002","REAC","Chromatin modifications during the maternal to zygotic transition (MZT)",10916,354,"REAC,REAC,REAC,REAC,REAC","H2AJ,H2BC6,H2BC11,H4C5,H2BC8","H2AJ,H2BC6,H2BC11,H4C5,H2BC8","ENSG00000246705,ENSG00000274290,ENSG00000124635,ENSG00000276966,ENSG00000273802","REAC - Chromatin modifications during the maternal to zygotic transition (MZT)"
"query_1",TRUE,0.000193485481238409,72,49,5,0.102040816326531,0.0694444444444444,"REAC:R-HSA-9710421","REAC","Defective pyroptosis",10916,702,"REAC,REAC,REAC,REAC,REAC","H2AJ,H2BC6,H2BC11,H4C5,H2BC8","H2AJ,H2BC6,H2BC11,H4C5,H2BC8","ENSG00000246705,ENSG00000274290,ENSG00000124635,ENSG00000276966,ENSG00000273802","REAC - Defective pyroptosis"
"query_1",TRUE,0.000193485481238409,72,49,5,0.102040816326531,0.0694444444444444,"REAC:R-HSA-2299718","REAC","Condensation of Prophase Chromosomes",10916,395,"REAC,REAC,REAC,REAC,REAC","H2AJ,H2BC6,H2BC11,H4C5,H2BC8","H2AJ,H2BC6,H2BC11,H4C5,H2BC8","ENSG00000246705,ENSG00000274290,ENSG00000124635,ENSG00000276966,ENSG00000273802","REAC - Condensation of Prophase Chromosomes"
"query_1",TRUE,0.000193485481238409,72,49,5,0.102040816326531,0.0694444444444444,"REAC:R-HSA-212300","REAC","PRC2 methylates histones and DNA",10916,1701,"REAC,REAC,REAC,REAC,REAC","H2AJ,H2BC6,H2BC11,H4C5,H2BC8","H2AJ,H2BC6,H2BC11,H4C5,H2BC8","ENSG00000246705,ENSG00000274290,ENSG00000124635,ENSG00000276966,ENSG00000273802","REAC - PRC2 methylates histones and DNA"
"query_1",TRUE,0.000228404918110355,75,49,5,0.102040816326531,0.0666666666666667,"REAC:R-HSA-427389","REAC","ERCC6 (CSB) and EHMT2 (G9a) positively regulate rRNA expression",10916,827,"REAC,REAC,REAC,REAC,REAC","H2AJ,H2BC6,H2BC11,H4C5,H2BC8","H2AJ,H2BC6,H2BC11,H4C5,H2BC8","ENSG00000246705,ENSG00000274290,ENSG00000124635,ENSG00000276966,ENSG00000273802","REAC - ERCC6 (CSB) and EHMT2 (G9a) positively regulate rRNA expression"
"query_1",TRUE,0.000279314698985628,132,49,6,0.122448979591837,0.0454545454545455,"REAC:R-HSA-5693567","REAC","HDR through Homologous Recombination (HRR) or Single Strand Annealing (SSA)",10916,1098,"REAC,REAC,REAC,REAC,REAC,REAC","CCNA2,XRCC2,H2BC6,H2BC11,H4C5,H2BC8","CCNA2,XRCC2,H2BC6,H2BC11,H4C5,H2BC8","ENSG00000145386,ENSG00000196584,ENSG00000274290,ENSG00000124635,ENSG00000276966,ENSG00000273802","REAC - HDR through Homologous Recombination (HRR) or Single Strand Annealing (SSA)"
"query_1",TRUE,0.000307312532385456,135,49,6,0.122448979591837,0.0444444444444444,"REAC:R-HSA-9609690","REAC","HCMV Early Events",10916,1088,"REAC,REAC,REAC,REAC,REAC,REAC","TUBA1C,H2BC6,H2BC11,TUBA3E,H4C5,H2BC8","TUBA1C,H2BC6,H2BC11,TUBA3E,H4C5,H2BC8","ENSG00000167553,ENSG00000274290,ENSG00000124635,ENSG00000152086,ENSG00000276966,ENSG00000273802","REAC - HCMV Early Events"
"query_1",TRUE,0.000337407114804556,138,49,6,0.122448979591837,0.0434782608695652,"REAC:R-HSA-5693538","REAC","Homology Directed Repair",10916,1130,"REAC,REAC,REAC,REAC,REAC,REAC","CCNA2,XRCC2,H2BC6,H2BC11,H4C5,H2BC8","CCNA2,XRCC2,H2BC6,H2BC11,H4C5,H2BC8","ENSG00000145386,ENSG00000196584,ENSG00000274290,ENSG00000124635,ENSG00000276966,ENSG00000273802","REAC - Homology Directed Repair"
"query_1",TRUE,0.000353795324345346,42,49,4,0.0816326530612245,0.0952380952380952,"REAC:R-HSA-9821993","REAC","Replacement of protamines by nucleosomes in the male pronucleus",10916,2060,"REAC,REAC,REAC,REAC","H2BC6,H2BC11,H4C5,H2BC8","H2BC6,H2BC11,H4C5,H2BC8","ENSG00000274290,ENSG00000124635,ENSG00000276966,ENSG00000273802","REAC - Replacement of protamines by nucleosomes in the male pronucleus"
"query_1",TRUE,0.000380702117834628,86,49,5,0.102040816326531,0.0581395348837209,"REAC:R-HSA-912446","REAC","Meiotic recombination",10916,1411,"REAC,REAC,REAC,REAC,REAC","H2AJ,H2BC6,H2BC11,H4C5,H2BC8","H2AJ,H2BC6,H2BC11,H4C5,H2BC8","ENSG00000246705,ENSG00000274290,ENSG00000124635,ENSG00000276966,ENSG00000273802","REAC - Meiotic recombination"
"query_1",TRUE,0.000402386062619047,88,49,5,0.102040816326531,0.0568181818181818,"REAC:R-HSA-73884","REAC","Base Excision Repair",10916,205,"REAC,REAC,REAC,REAC,REAC","H2AJ,H2BC6,H2BC11,H4C5,H2BC8","H2AJ,H2BC6,H2BC11,H4C5,H2BC8","ENSG00000246705,ENSG00000274290,ENSG00000124635,ENSG00000276966,ENSG00000273802","REAC - Base Excision Repair"
"query_1",TRUE,0.000402386062619047,88,49,5,0.102040816326531,0.0568181818181818,"REAC:R-HSA-9616222","REAC","Transcriptional regulation of granulopoiesis",10916,2559,"REAC,REAC,REAC,REAC,REAC","H2AJ,H2BC6,H2BC11,H4C5,H2BC8","H2AJ,H2BC6,H2BC11,H4C5,H2BC8","ENSG00000246705,ENSG00000274290,ENSG00000124635,ENSG00000276966,ENSG00000273802","REAC - Transcriptional regulation of granulopoiesis"
"query_1",TRUE,0.000413725702894993,89,49,5,0.102040816326531,0.0561797752808989,"REAC:R-HSA-5250924","REAC","B-WICH complex positively regulates rRNA expression",10916,198,"REAC,REAC,REAC,REAC,REAC","H2AJ,H2BC6,H2BC11,H4C5,H2BC8","H2AJ,H2BC6,H2BC11,H4C5,H2BC8","ENSG00000246705,ENSG00000274290,ENSG00000124635,ENSG00000276966,ENSG00000273802","REAC - B-WICH complex positively regulates rRNA expression"
"query_1",TRUE,0.000414763426814234,90,49,5,0.102040816326531,0.0555555555555556,"REAC:R-HSA-73772","REAC","RNA Polymerase I Promoter Escape",10916,1882,"REAC,REAC,REAC,REAC,REAC","H2AJ,H2BC6,H2BC11,H4C5,H2BC8","H2AJ,H2BC6,H2BC11,H4C5,H2BC8","ENSG00000246705,ENSG00000274290,ENSG00000124635,ENSG00000276966,ENSG00000273802","REAC - RNA Polymerase I Promoter Escape"
"query_1",TRUE,0.000414763426814234,90,49,5,0.102040816326531,0.0555555555555556,"REAC:R-HSA-201722","REAC","Formation of the beta-catenin:TCF transactivating complex",10916,968,"REAC,REAC,REAC,REAC,REAC","H2AJ,H2BC6,H2BC11,H4C5,H2BC8","H2AJ,H2BC6,H2BC11,H4C5,H2BC8","ENSG00000246705,ENSG00000274290,ENSG00000124635,ENSG00000276966,ENSG00000273802","REAC - Formation of the beta-catenin:TCF transactivating complex"
"query_1",TRUE,0.000449748520562553,92,49,5,0.102040816326531,0.0543478260869565,"REAC:R-HSA-1912408","REAC","Pre-NOTCH Transcription and Translation",10916,1786,"REAC,REAC,REAC,REAC,REAC","H2AJ,H2BC6,H2BC11,H4C5,H2BC8","H2AJ,H2BC6,H2BC11,H4C5,H2BC8","ENSG00000246705,ENSG00000274290,ENSG00000124635,ENSG00000276966,ENSG00000273802","REAC - Pre-NOTCH Transcription and Translation"
"query_1",TRUE,0.000462429427022344,93,49,5,0.102040816326531,0.0537634408602151,"REAC:R-HSA-5625740","REAC","RHO GTPases activate PKNs",10916,1857,"REAC,REAC,REAC,REAC,REAC","H2AJ,H2BC6,H2BC11,H4C5,H2BC8","H2AJ,H2BC6,H2BC11,H4C5,H2BC8","ENSG00000246705,ENSG00000274290,ENSG00000124635,ENSG00000276966,ENSG00000273802","REAC - RHO GTPases activate PKNs"
"query_1",TRUE,0.000500180906627706,95,49,5,0.102040816326531,0.0526315789473684,"REAC:R-HSA-8936459","REAC","RUNX1 regulates genes involved in megakaryocyte differentiation and platelet function",10916,1919,"REAC,REAC,REAC,REAC,REAC","H2AJ,H2BC6,H2BC11,H4C5,H2BC8","H2AJ,H2BC6,H2BC11,H4C5,H2BC8","ENSG00000246705,ENSG00000274290,ENSG00000124635,ENSG00000276966,ENSG00000273802","REAC - RUNX1 regulates genes involved in megakaryocyte differentiation and platelet function"
"query_1",TRUE,0.000540055831254185,97,49,5,0.102040816326531,0.0515463917525773,"REAC:R-HSA-5693607","REAC","Processing of DNA double-strand break ends",10916,1798,"REAC,REAC,REAC,REAC,REAC","CCNA2,H2BC6,H2BC11,H4C5,H2BC8","CCNA2,H2BC6,H2BC11,H4C5,H2BC8","ENSG00000145386,ENSG00000274290,ENSG00000124635,ENSG00000276966,ENSG00000273802","REAC - Processing of DNA double-strand break ends"
"query_1",TRUE,0.000547108192852367,159,49,6,0.122448979591837,0.0377358490566038,"REAC:R-HSA-9609646","REAC","HCMV Infection",10916,1089,"REAC,REAC,REAC,REAC,REAC,REAC","TUBA1C,H2BC6,H2BC11,TUBA3E,H4C5,H2BC8","TUBA1C,H2BC6,H2BC11,TUBA3E,H4C5,H2BC8","ENSG00000167553,ENSG00000274290,ENSG00000124635,ENSG00000152086,ENSG00000276966,ENSG00000273802","REAC - HCMV Infection"
"query_1",TRUE,0.000558699256550904,318,49,8,0.163265306122449,0.0251572327044025,"REAC:R-HSA-195258","REAC","RHO GTPase Effectors",10916,1846,"REAC,REAC,REAC,REAC,REAC,REAC,REAC,REAC","TUBA1C,IQGAP3,H2AJ,H2BC6,H2BC11,TUBA3E,H4C5,H2BC8","TUBA1C,IQGAP3,H2AJ,H2BC6,H2BC11,TUBA3E,H4C5,H2BC8","ENSG00000167553,ENSG00000183856,ENSG00000246705,ENSG00000274290,ENSG00000124635,ENSG00000152086,ENSG00000276966,ENSG00000273802","REAC - RHO GTPase Effectors"
"query_1",TRUE,0.000642546648995381,102,49,5,0.102040816326531,0.0490196078431373,"REAC:R-HSA-5578749","REAC","Transcriptional regulation by small RNAs",10916,2555,"REAC,REAC,REAC,REAC,REAC","H2AJ,H2BC6,H2BC11,H4C5,H2BC8","H2AJ,H2BC6,H2BC11,H4C5,H2BC8","ENSG00000246705,ENSG00000274290,ENSG00000124635,ENSG00000276966,ENSG00000273802","REAC - Transcriptional regulation by small RNAs"
"query_1",TRUE,0.000659042921559027,103,49,5,0.102040816326531,0.0485436893203883,"REAC:R-HSA-9645723","REAC","Diseases of programmed cell death",10916,771,"REAC,REAC,REAC,REAC,REAC","H2AJ,H2BC6,H2BC11,H4C5,H2BC8","H2AJ,H2BC6,H2BC11,H4C5,H2BC8","ENSG00000246705,ENSG00000274290,ENSG00000124635,ENSG00000276966,ENSG00000273802","REAC - Diseases of programmed cell death"
"query_1",TRUE,0.000668033002410711,104,49,5,0.102040816326531,0.0480769230769231,"REAC:R-HSA-5250913","REAC","Positive epigenetic regulation of rRNA expression",10916,1771,"REAC,REAC,REAC,REAC,REAC","H2AJ,H2BC6,H2BC11,H4C5,H2BC8","H2AJ,H2BC6,H2BC11,H4C5,H2BC8","ENSG00000246705,ENSG00000274290,ENSG00000124635,ENSG00000276966,ENSG00000273802","REAC - Positive epigenetic regulation of rRNA expression"
"query_1",TRUE,0.000668033002410711,168,49,6,0.122448979591837,0.0357142857142857,"REAC:R-HSA-5693532","REAC","DNA Double-Strand Break Repair",10916,443,"REAC,REAC,REAC,REAC,REAC,REAC","CCNA2,XRCC2,H2BC6,H2BC11,H4C5,H2BC8","CCNA2,XRCC2,H2BC6,H2BC11,H4C5,H2BC8","ENSG00000145386,ENSG00000196584,ENSG00000274290,ENSG00000124635,ENSG00000276966,ENSG00000273802","REAC - DNA Double-Strand Break Repair"
"query_1",TRUE,0.000679602330091868,105,49,5,0.102040816326531,0.0476190476190476,"REAC:R-HSA-427413","REAC","NoRC negatively regulates rRNA expression",10916,1602,"REAC,REAC,REAC,REAC,REAC","H2AJ,H2BC6,H2BC11,H4C5,H2BC8","H2AJ,H2BC6,H2BC11,H4C5,H2BC8","ENSG00000246705,ENSG00000274290,ENSG00000124635,ENSG00000276966,ENSG00000273802","REAC - NoRC negatively regulates rRNA expression"
"query_1",TRUE,0.000747356949020569,108,49,5,0.102040816326531,0.0462962962962963,"REAC:R-HSA-5250941","REAC","Negative epigenetic regulation of rRNA expression",10916,1566,"REAC,REAC,REAC,REAC,REAC","H2AJ,H2BC6,H2BC11,H4C5,H2BC8","H2AJ,H2BC6,H2BC11,H4C5,H2BC8","ENSG00000246705,ENSG00000274290,ENSG00000124635,ENSG00000276966,ENSG00000273802","REAC - Negative epigenetic regulation of rRNA expression"
"query_1",TRUE,0.000747356949020569,108,49,5,0.102040816326531,0.0462962962962963,"REAC:R-HSA-1912422","REAC","Pre-NOTCH Expression and Processing",10916,1783,"REAC,REAC,REAC,REAC,REAC","H2AJ,H2BC6,H2BC11,H4C5,H2BC8","H2AJ,H2BC6,H2BC11,H4C5,H2BC8","ENSG00000246705,ENSG00000274290,ENSG00000124635,ENSG00000276966,ENSG00000273802","REAC - Pre-NOTCH Expression and Processing"
"query_1",TRUE,0.000766204774929883,109,49,5,0.102040816326531,0.0458715596330275,"REAC:R-HSA-73854","REAC","RNA Polymerase I Promoter Clearance",10916,1881,"REAC,REAC,REAC,REAC,REAC","H2AJ,H2BC6,H2BC11,H4C5,H2BC8","H2AJ,H2BC6,H2BC11,H4C5,H2BC8","ENSG00000246705,ENSG00000274290,ENSG00000124635,ENSG00000276966,ENSG00000273802","REAC - RNA Polymerase I Promoter Clearance"
"query_1",TRUE,0.000785454188677238,110,49,5,0.102040816326531,0.0454545454545455,"REAC:R-HSA-73864","REAC","RNA Polymerase I Transcription",10916,1884,"REAC,REAC,REAC,REAC,REAC","H2AJ,H2BC6,H2BC11,H4C5,H2BC8","H2AJ,H2BC6,H2BC11,H4C5,H2BC8","ENSG00000246705,ENSG00000274290,ENSG00000124635,ENSG00000276966,ENSG00000273802","REAC - RNA Polymerase I Transcription"
"query_1",TRUE,0.000896801901603805,792,49,12,0.244897959183673,0.0151515151515152,"REAC:R-HSA-2262752","REAC","Cellular responses to stress",10916,340,"REAC,REAC,REAC,REAC,REAC,REAC,REAC,REAC,REAC,REAC,REAC,REAC","HSPA2,TUBA1C,HMGA2,CCNA2,H2AJ,H2BC6,H2BC11,CAT,TUBA3E,H4C5,H1-3,H2BC8","HSPA2,TUBA1C,HMGA2,CCNA2,H2AJ,H2BC6,H2BC11,CAT,TUBA3E,H4C5,H1-3,H2BC8","ENSG00000126803,ENSG00000167553,ENSG00000149948,ENSG00000145386,ENSG00000246705,ENSG00000274290,ENSG00000124635,ENSG00000121691,ENSG00000152086,ENSG00000276966,ENSG00000124575,ENSG00000273802","REAC - Cellular responses to stress"
"query_1",TRUE,0.000956170296612831,677,49,11,0.224489795918367,0.0162481536189069,"REAC:R-HSA-1640170","REAC","Cell Cycle",10916,320,"REAC,REAC,REAC,REAC,REAC,REAC,REAC,REAC,REAC,REAC,REAC","HSPA2,TUBA1C,REC8,CCNA2,H2AJ,HJURP,H2BC6,H2BC11,TUBA3E,H4C5,H2BC8","HSPA2,TUBA1C,REC8,CCNA2,H2AJ,HJURP,H2BC6,H2BC11,TUBA3E,H4C5,H2BC8","ENSG00000126803,ENSG00000167553,ENSG00000100918,ENSG00000145386,ENSG00000246705,ENSG00000123485,ENSG00000274290,ENSG00000124635,ENSG00000152086,ENSG00000276966,ENSG00000273802","REAC - Cell Cycle"
"query_1",TRUE,0.00101903909458604,806,49,12,0.244897959183673,0.0148883374689826,"REAC:R-HSA-8953897","REAC","Cellular responses to stimuli",10916,339,"REAC,REAC,REAC,REAC,REAC,REAC,REAC,REAC,REAC,REAC,REAC,REAC","HSPA2,TUBA1C,HMGA2,CCNA2,H2AJ,H2BC6,H2BC11,CAT,TUBA3E,H4C5,H1-3,H2BC8","HSPA2,TUBA1C,HMGA2,CCNA2,H2AJ,H2BC6,H2BC11,CAT,TUBA3E,H4C5,H1-3,H2BC8","ENSG00000126803,ENSG00000167553,ENSG00000149948,ENSG00000145386,ENSG00000246705,ENSG00000274290,ENSG00000124635,ENSG00000121691,ENSG00000152086,ENSG00000276966,ENSG00000124575,ENSG00000273802","REAC - Cellular responses to stimuli"
"query_1",TRUE,0.00101903909458604,187,49,6,0.122448979591837,0.0320855614973262,"REAC:R-HSA-69306","REAC","DNA Replication",10916,445,"REAC,REAC,REAC,REAC,REAC,REAC","CCNA2,H2AJ,H2BC6,H2BC11,H4C5,H2BC8","CCNA2,H2AJ,H2BC6,H2BC11,H4C5,H2BC8","ENSG00000145386,ENSG00000246705,ENSG00000274290,ENSG00000124635,ENSG00000276966,ENSG00000273802","REAC - DNA Replication"
"query_1",TRUE,0.00104242827369397,119,49,5,0.102040816326531,0.0420168067226891,"REAC:R-HSA-9816359","REAC","Maternal to zygotic transition (MZT)",10916,1394,"REAC,REAC,REAC,REAC,REAC","H2AJ,H2BC6,H2BC11,H4C5,H2BC8","H2AJ,H2BC6,H2BC11,H4C5,H2BC8","ENSG00000246705,ENSG00000274290,ENSG00000124635,ENSG00000276966,ENSG00000273802","REAC - Maternal to zygotic transition (MZT)"
"query_1",TRUE,0.00104913436824887,120,49,5,0.102040816326531,0.0416666666666667,"REAC:R-HSA-5617472","REAC","Activation of anterior HOX genes in hindbrain development during early embryogenesis",10916,99,"REAC,REAC,REAC,REAC,REAC","H2AJ,H2BC6,H2BC11,H4C5,H2BC8","H2AJ,H2BC6,H2BC11,H4C5,H2BC8","ENSG00000246705,ENSG00000274290,ENSG00000124635,ENSG00000276966,ENSG00000273802","REAC - Activation of anterior HOX genes in hindbrain development during early embryogenesis"
"query_1",TRUE,0.00104913436824887,120,49,5,0.102040816326531,0.0416666666666667,"REAC:R-HSA-5619507","REAC","Activation of HOX genes during differentiation",10916,84,"REAC,REAC,REAC,REAC,REAC","H2AJ,H2BC6,H2BC11,H4C5,H2BC8","H2AJ,H2BC6,H2BC11,H4C5,H2BC8","ENSG00000246705,ENSG00000274290,ENSG00000124635,ENSG00000276966,ENSG00000273802","REAC - Activation of HOX genes during differentiation"
"query_1",TRUE,0.00111549508852228,122,49,5,0.102040816326531,0.040983606557377,"REAC:R-HSA-2559580","REAC","Oxidative Stress Induced Senescence",10916,1654,"REAC,REAC,REAC,REAC,REAC","H2AJ,H2BC6,H2BC11,H4C5,H2BC8","H2AJ,H2BC6,H2BC11,H4C5,H2BC8","ENSG00000246705,ENSG00000274290,ENSG00000124635,ENSG00000276966,ENSG00000273802","REAC - Oxidative Stress Induced Senescence"
"query_1",TRUE,0.00115661898835449,701,49,11,0.224489795918367,0.0156918687589158,"REAC:R-HSA-194315","REAC","Signaling by Rho GTPases",10916,2304,"REAC,REAC,REAC,REAC,REAC,REAC,REAC,REAC,REAC,REAC,REAC","POTEE,TUBA1C,IQGAP3,H2AJ,H2BC6,VRK2,H2BC11,TUBA3E,H4C5,H2BC8,ARHGAP11B","POTEE,TUBA1C,IQGAP3,H2AJ,H2BC6,VRK2,H2BC11,TUBA3E,H4C5,H2BC8,ARHGAP11B","ENSG00000188219,ENSG00000167553,ENSG00000183856,ENSG00000246705,ENSG00000274290,ENSG00000028116,ENSG00000124635,ENSG00000152086,ENSG00000276966,ENSG00000273802,ENSG00000285077","REAC - Signaling by Rho GTPases"
"query_1",TRUE,0.00123597549878228,68,49,4,0.0816326530612245,0.0588235294117647,"REAC:R-HSA-5693571","REAC","Nonhomologous End-Joining (NHEJ)",10916,1605,"REAC,REAC,REAC,REAC","H2BC6,H2BC11,H4C5,H2BC8","H2BC6,H2BC11,H4C5,H2BC8","ENSG00000274290,ENSG00000124635,ENSG00000276966,ENSG00000273802","REAC - Nonhomologous End-Joining (NHEJ)"
"query_1",TRUE,0.00134894267330418,716,49,11,0.224489795918367,0.0153631284916201,"REAC:R-HSA-9716542","REAC","Signaling by Rho GTPases, Miro GTPases and RHOBTB3",10916,2305,"REAC,REAC,REAC,REAC,REAC,REAC,REAC,REAC,REAC,REAC,REAC","POTEE,TUBA1C,IQGAP3,H2AJ,H2BC6,VRK2,H2BC11,TUBA3E,H4C5,H2BC8,ARHGAP11B","POTEE,TUBA1C,IQGAP3,H2AJ,H2BC6,VRK2,H2BC11,TUBA3E,H4C5,H2BC8,ARHGAP11B","ENSG00000188219,ENSG00000167553,ENSG00000183856,ENSG00000246705,ENSG00000274290,ENSG00000028116,ENSG00000124635,ENSG00000152086,ENSG00000276966,ENSG00000273802,ENSG00000285077","REAC - Signaling by Rho GTPases, Miro GTPases and RHOBTB3"
"query_1",TRUE,0.00136037145370064,129,49,5,0.102040816326531,0.0387596899224806,"REAC:R-HSA-8939236","REAC","RUNX1 regulates transcription of genes involved in differentiation of HSCs",10916,1922,"REAC,REAC,REAC,REAC,REAC","H2AJ,H2BC6,H2BC11,H4C5,H2BC8","H2AJ,H2BC6,H2BC11,H4C5,H2BC8","ENSG00000246705,ENSG00000274290,ENSG00000124635,ENSG00000276966,ENSG00000273802","REAC - RUNX1 regulates transcription of genes involved in differentiation of HSCs"
"query_1",TRUE,0.00157563893773561,134,49,5,0.102040816326531,0.0373134328358209,"REAC:R-HSA-68875","REAC","Mitotic Prophase",10916,1485,"REAC,REAC,REAC,REAC,REAC","H2AJ,H2BC6,H2BC11,H4C5,H2BC8","H2AJ,H2BC6,H2BC11,H4C5,H2BC8","ENSG00000246705,ENSG00000274290,ENSG00000124635,ENSG00000276966,ENSG00000273802","REAC - Mitotic Prophase"
"query_1",TRUE,0.00157563893773561,134,49,5,0.102040816326531,0.0373134328358209,"REAC:R-HSA-211000","REAC","Gene Silencing by RNA",10916,1041,"REAC,REAC,REAC,REAC,REAC","H2AJ,H2BC6,H2BC11,H4C5,H2BC8","H2AJ,H2BC6,H2BC11,H4C5,H2BC8","ENSG00000246705,ENSG00000274290,ENSG00000124635,ENSG00000276966,ENSG00000273802","REAC - Gene Silencing by RNA"
"query_1",TRUE,0.00167390618735953,75,49,4,0.0816326530612245,0.0533333333333333,"REAC:R-HSA-9833482","REAC","PKR-mediated signaling",10916,1692,"REAC,REAC,REAC,REAC","HSPA2,TUBA1C,FANCB,TUBA3E","HSPA2,TUBA1C,FANCB,TUBA3E","ENSG00000126803,ENSG00000167553,ENSG00000181544,ENSG00000152086","REAC - PKR-mediated signaling"
"query_1",TRUE,0.00181673416073584,32,49,3,0.0612244897959184,0.09375,"REAC:R-HSA-5626467","REAC","RHO GTPases activate IQGAPs",10916,1854,"REAC,REAC,REAC","TUBA1C,IQGAP3,TUBA3E","TUBA1C,IQGAP3,TUBA3E","ENSG00000167553,ENSG00000183856,ENSG00000152086","REAC - RHO GTPases activate IQGAPs"
"query_1",TRUE,0.00181673416073584,77,49,4,0.0816326530612245,0.051948051948052,"REAC:R-HSA-5693565","REAC","Recruitment and ATM-mediated phosphorylation of repair and signaling proteins at DNA double strand breaks",10916,1949,"REAC,REAC,REAC,REAC","H2BC6,H2BC11,H4C5,H2BC8","H2BC6,H2BC11,H4C5,H2BC8","ENSG00000274290,ENSG00000124635,ENSG00000276966,ENSG00000273802","REAC - Recruitment and ATM-mediated phosphorylation of repair and signaling proteins at DNA double strand breaks"
"query_1",TRUE,0.00184002832446562,78,49,4,0.0816326530612245,0.0512820512820513,"REAC:R-HSA-8852135","REAC","Protein ubiquitination",10916,1818,"REAC,REAC,REAC,REAC","UBE2T,H2BC6,H2BC11,H2BC8","UBE2T,H2BC6,H2BC11,H2BC8","ENSG00000077152,ENSG00000274290,ENSG00000124635,ENSG00000273802","REAC - Protein ubiquitination"
"query_1",TRUE,0.00184002832446562,78,49,4,0.0816326530612245,0.0512820512820513,"REAC:R-HSA-5693606","REAC","DNA Double Strand Break Response",10916,442,"REAC,REAC,REAC,REAC","H2BC6,H2BC11,H4C5,H2BC8","H2BC6,H2BC11,H4C5,H2BC8","ENSG00000274290,ENSG00000124635,ENSG00000276966,ENSG00000273802","REAC - DNA Double Strand Break Response"
"query_1",TRUE,0.00189396127585646,142,49,5,0.102040816326531,0.0352112676056338,"REAC:R-HSA-68867","REAC","Assembly of the pre-replicative complex",10916,181,"REAC,REAC,REAC,REAC,REAC","H2AJ,H2BC6,H2BC11,H4C5,H2BC8","H2AJ,H2BC6,H2BC11,H4C5,H2BC8","ENSG00000246705,ENSG00000274290,ENSG00000124635,ENSG00000276966,ENSG00000273802","REAC - Assembly of the pre-replicative complex"
"query_1",TRUE,0.00216204304324986,147,49,5,0.102040816326531,0.0340136054421769,"REAC:R-HSA-9018519","REAC","Estrogen-dependent gene expression",10916,866,"REAC,REAC,REAC,REAC,REAC","H2AJ,H2BC6,H2BC11,H4C5,H2BC8","H2AJ,H2BC6,H2BC11,H4C5,H2BC8","ENSG00000246705,ENSG00000274290,ENSG00000124635,ENSG00000276966,ENSG00000273802","REAC - Estrogen-dependent gene expression"
"query_1",TRUE,0.00216204304324986,147,49,5,0.102040816326531,0.0340136054421769,"REAC:R-HSA-1169410","REAC","Antiviral mechanism by IFN-stimulated genes",10916,157,"REAC,REAC,REAC,REAC,REAC","HSPA2,TUBA1C,FANCB,RNASEL,TUBA3E","HSPA2,TUBA1C,FANCB,RNASEL,TUBA3E","ENSG00000126803,ENSG00000167553,ENSG00000181544,ENSG00000135828,ENSG00000152086","REAC - Antiviral mechanism by IFN-stimulated genes"
"query_1",TRUE,0.00239675828302887,231,49,6,0.122448979591837,0.025974025974026,"REAC:R-HSA-201681","REAC","TCF dependent signaling in response to WNT",10916,2421,"REAC,REAC,REAC,REAC,REAC,REAC","H2AJ,SOX3,H2BC6,H2BC11,H4C5,H2BC8","H2AJ,SOX3,H2BC6,H2BC11,H4C5,H2BC8","ENSG00000246705,ENSG00000134595,ENSG00000274290,ENSG00000124635,ENSG00000276966,ENSG00000273802","REAC - TCF dependent signaling in response to WNT"
"query_1",TRUE,0.00301247226948784,159,49,5,0.102040816326531,0.0314465408805031,"REAC:R-HSA-69002","REAC","DNA Replication Pre-Initiation",10916,446,"REAC,REAC,REAC,REAC,REAC","H2AJ,H2BC6,H2BC11,H4C5,H2BC8","H2AJ,H2BC6,H2BC11,H4C5,H2BC8","ENSG00000246705,ENSG00000274290,ENSG00000124635,ENSG00000276966,ENSG00000273802","REAC - DNA Replication Pre-Initiation"
"query_1",TRUE,0.00340968961154409,94,49,4,0.0816326530612245,0.0425531914893617,"REAC:R-HSA-3214815","REAC","HDACs deacetylate histones",10916,1092,"REAC,REAC,REAC,REAC","H2BC6,H2BC11,H4C5,H2BC8","H2BC6,H2BC11,H4C5,H2BC8","ENSG00000274290,ENSG00000124635,ENSG00000276966,ENSG00000273802","REAC - HDACs deacetylate histones"
"query_1",TRUE,0.00340968961154409,94,49,4,0.0816326530612245,0.0425531914893617,"REAC:R-HSA-69473","REAC","G2/M DNA damage checkpoint",10916,1006,"REAC,REAC,REAC,REAC","H2BC6,H2BC11,H4C5,H2BC8","H2BC6,H2BC11,H4C5,H2BC8","ENSG00000274290,ENSG00000124635,ENSG00000276966,ENSG00000273802","REAC - G2/M DNA damage checkpoint"
"query_1",TRUE,0.00449164462168381,263,49,6,0.122448979591837,0.0228136882129278,"REAC:R-HSA-913531","REAC","Interferon Signaling",10916,1227,"REAC,REAC,REAC,REAC,REAC,REAC","HSPA2,TUBA1C,FANCB,RNASEL,TUBA3E,HLA-DPB1","HSPA2,TUBA1C,FANCB,RNASEL,TUBA3E,HLA-DPB1","ENSG00000126803,ENSG00000167553,ENSG00000181544,ENSG00000135828,ENSG00000152086,ENSG00000223865","REAC - Interferon Signaling"
"query_1",TRUE,0.00565466708510252,185,49,5,0.102040816326531,0.027027027027027,"REAC:R-HSA-212165","REAC","Epigenetic regulation of gene expression",10916,852,"REAC,REAC,REAC,REAC,REAC","H2AJ,H2BC6,H2BC11,H4C5,H2BC8","H2AJ,H2BC6,H2BC11,H4C5,H2BC8","ENSG00000246705,ENSG00000274290,ENSG00000124635,ENSG00000276966,ENSG00000273802","REAC - Epigenetic regulation of gene expression"
"query_1",TRUE,0.00590606892554826,110,49,4,0.0816326530612245,0.0363636363636364,"REAC:R-HSA-977225","REAC","Amyloid fiber formation",10916,145,"REAC,REAC,REAC,REAC","H2BC6,H2BC11,H4C5,H2BC8","H2BC6,H2BC11,H4C5,H2BC8","ENSG00000274290,ENSG00000124635,ENSG00000276966,ENSG00000273802","REAC - Amyloid fiber formation"
"query_1",TRUE,0.00644571010587017,113,49,4,0.0816326530612245,0.0353982300884956,"REAC:R-HSA-9610379","REAC","HCMV Late Events",10916,1090,"REAC,REAC,REAC,REAC","H2BC6,H2BC11,H4C5,H2BC8","H2BC6,H2BC11,H4C5,H2BC8","ENSG00000274290,ENSG00000124635,ENSG00000276966,ENSG00000273802","REAC - HCMV Late Events"
"query_1",TRUE,0.00706361298636031,290,49,6,0.122448979591837,0.0206896551724138,"REAC:R-HSA-9006931","REAC","Signaling by Nuclear Receptors",10916,2289,"REAC,REAC,REAC,REAC,REAC,REAC","H2AJ,H2BC6,ALDH8A1,H2BC11,H4C5,H2BC8","H2AJ,H2BC6,ALDH8A1,H2BC11,H4C5,H2BC8","ENSG00000246705,ENSG00000274290,ENSG00000118514,ENSG00000124635,ENSG00000276966,ENSG00000273802","REAC - Signaling by Nuclear Receptors"
"query_1",TRUE,0.00810507016117133,406,49,7,0.142857142857143,0.0172413793103448,"REAC:R-HSA-68886","REAC","M Phase",10916,1343,"REAC,REAC,REAC,REAC,REAC,REAC,REAC","TUBA1C,H2AJ,H2BC6,H2BC11,TUBA3E,H4C5,H2BC8","TUBA1C,H2AJ,H2BC6,H2BC11,TUBA3E,H4C5,H2BC8","ENSG00000167553,ENSG00000246705,ENSG00000274290,ENSG00000124635,ENSG00000152086,ENSG00000276966,ENSG00000273802","REAC - M Phase"
"query_1",TRUE,0.00810507016117133,57,49,3,0.0612244897959184,0.0526315789473684,"REAC:R-HSA-3371497","REAC","HSP90 chaperone cycle for steroid hormone receptors (SHR) in the presence of ligand",10916,1111,"REAC,REAC,REAC","HSPA2,TUBA1C,TUBA3E","HSPA2,TUBA1C,TUBA3E","ENSG00000126803,ENSG00000167553,ENSG00000152086","REAC - HSP90 chaperone cycle for steroid hormone receptors (SHR) in the presence of ligand"
"query_1",TRUE,0.00833101300239909,123,49,4,0.0816326530612245,0.032520325203252,"REAC:R-HSA-2132295","REAC","MHC class II antigen presentation",10916,1371,"REAC,REAC,REAC,REAC","TUBA1C,KIF15,TUBA3E,HLA-DPB1","TUBA1C,KIF15,TUBA3E,HLA-DPB1","ENSG00000167553,ENSG00000163808,ENSG00000152086,ENSG00000223865","REAC - MHC class II antigen presentation"
"query_1",TRUE,0.00833101300239909,58,49,3,0.0612244897959184,0.0517241379310345,"REAC:R-HSA-8866654","REAC","E3 ubiquitin ligases ubiquitinate target proteins",10916,811,"REAC,REAC,REAC","H2BC6,H2BC11,H2BC8","H2BC6,H2BC11,H2BC8","ENSG00000274290,ENSG00000124635,ENSG00000273802","REAC - E3 ubiquitin ligases ubiquitinate target proteins"
"query_1",TRUE,0.00850200574680621,16,49,2,0.0408163265306122,0.125,"REAC:R-HSA-2559584","REAC","Formation of Senescence-Associated Heterochromatin Foci (SAHF)",10916,950,"REAC,REAC","HMGA2,H1-3","HMGA2,H1-3","ENSG00000149948,ENSG00000124575","REAC - Formation of Senescence-Associated Heterochromatin Foci (SAHF)"
"query_1",TRUE,0.00898182579255527,60,49,3,0.0612244897959184,0.05,"REAC:R-HSA-983189","REAC","Kinesins",10916,1292,"REAC,REAC,REAC","TUBA1C,KIF15,TUBA3E","TUBA1C,KIF15,TUBA3E","ENSG00000167553,ENSG00000163808,ENSG00000152086","REAC - Kinesins"
"query_1",TRUE,0.00903965473930939,1235,49,13,0.26530612244898,0.0105263157894737,"REAC:R-HSA-212436","REAC","Generic Transcription Pathway",10916,1045,"REAC,REAC,REAC,REAC,REAC,REAC,REAC,REAC,REAC,REAC,REAC,REAC,REAC","CCNA2,ZNF77,KRBOX5,H2AJ,H2BC6,ZNF619,ZNF300,H2BC11,CAT,ZNF727,H4C5,H2BC8,ZNF558","CCNA2,ZNF77,KRBOX5,H2AJ,H2BC6,ZNF619,ZNF300,H2BC11,CAT,ZNF727,H4C5,H2BC8,ZNF558","ENSG00000145386,ENSG00000175691,ENSG00000197302,ENSG00000246705,ENSG00000274290,ENSG00000177873,ENSG00000145908,ENSG00000124635,ENSG00000121691,ENSG00000214652,ENSG00000276966,ENSG00000273802,ENSG00000167785","REAC - Generic Transcription Pathway"
"query_1",TRUE,0.00984263554139871,216,49,5,0.102040816326531,0.0231481481481481,"REAC:R-HSA-8939211","REAC","ESR-mediated signaling",10916,830,"REAC,REAC,REAC,REAC,REAC","H2AJ,H2BC6,H2BC11,H4C5,H2BC8","H2AJ,H2BC6,H2BC11,H4C5,H2BC8","ENSG00000246705,ENSG00000274290,ENSG00000124635,ENSG00000276966,ENSG00000273802","REAC - ESR-mediated signaling"
"query_1",TRUE,0.00989372335078737,547,49,8,0.163265306122449,0.0146252285191956,"REAC:R-HSA-69278","REAC","Cell Cycle, Mitotic",10916,322,"REAC,REAC,REAC,REAC,REAC,REAC,REAC,REAC","TUBA1C,CCNA2,H2AJ,H2BC6,H2BC11,TUBA3E,H4C5,H2BC8","TUBA1C,CCNA2,H2AJ,H2BC6,H2BC11,TUBA3E,H4C5,H2BC8","ENSG00000167553,ENSG00000145386,ENSG00000246705,ENSG00000274290,ENSG00000124635,ENSG00000152086,ENSG00000276966,ENSG00000273802","REAC - Cell Cycle, Mitotic"
"query_1",TRUE,0.0115441497150934,327,49,6,0.122448979591837,0.018348623853211,"REAC:R-HSA-195721","REAC","Signaling by WNT",10916,2314,"REAC,REAC,REAC,REAC,REAC,REAC","H2AJ,SOX3,H2BC6,H2BC11,H4C5,H2BC8","H2AJ,SOX3,H2BC6,H2BC11,H4C5,H2BC8","ENSG00000246705,ENSG00000134595,ENSG00000274290,ENSG00000124635,ENSG00000276966,ENSG00000273802","REAC - Signaling by WNT"
"query_1",TRUE,0.0124850899771996,20,49,2,0.0408163265306122,0.1,"REAC:R-HSA-190840","REAC","Microtubule-dependent trafficking of connexons from Golgi to the plasma membrane",10916,1451,"REAC,REAC","TUBA1C,TUBA3E","TUBA1C,TUBA3E","ENSG00000167553,ENSG00000152086","REAC - Microtubule-dependent trafficking of connexons from Golgi to the plasma membrane"
"query_1",TRUE,0.0124984310368164,141,49,4,0.0816326530612245,0.0283687943262411,"REAC:R-HSA-3214847","REAC","HATs acetylate histones",10916,1087,"REAC,REAC,REAC,REAC","H2BC6,H2BC11,H4C5,H2BC8","H2BC6,H2BC11,H4C5,H2BC8","ENSG00000274290,ENSG00000124635,ENSG00000276966,ENSG00000273802","REAC - HATs acetylate histones"
"query_1",TRUE,0.0127038897134746,232,49,5,0.102040816326531,0.021551724137931,"REAC:R-HSA-157118","REAC","Signaling by NOTCH",10916,2274,"REAC,REAC,REAC,REAC,REAC","H2AJ,H2BC6,H2BC11,H4C5,H2BC8","H2AJ,H2BC6,H2BC11,H4C5,H2BC8","ENSG00000246705,ENSG00000274290,ENSG00000124635,ENSG00000276966,ENSG00000273802","REAC - Signaling by NOTCH"
"query_1",TRUE,0.0130457462525043,234,49,5,0.102040816326531,0.0213675213675214,"REAC:R-HSA-8878171","REAC","Transcriptional regulation by RUNX1",10916,2552,"REAC,REAC,REAC,REAC,REAC","H2AJ,H2BC6,H2BC11,H4C5,H2BC8","H2AJ,H2BC6,H2BC11,H4C5,H2BC8","ENSG00000246705,ENSG00000274290,ENSG00000124635,ENSG00000276966,ENSG00000273802","REAC - Transcriptional regulation by RUNX1"
"query_1",TRUE,0.0132149560903419,21,49,2,0.0408163265306122,0.0952380952380952,"REAC:R-HSA-190872","REAC","Transport of connexons to the plasma membrane",10916,2592,"REAC,REAC","TUBA1C,TUBA3E","TUBA1C,TUBA3E","ENSG00000167553,ENSG00000152086","REAC - Transport of connexons to the plasma membrane"
"query_1",TRUE,0.0170511205118304,24,49,2,0.0408163265306122,0.0833333333333333,"REAC:R-HSA-389977","REAC","Post-chaperonin tubulin folding pathway",10916,1773,"REAC,REAC","TUBA1C,TUBA3E","TUBA1C,TUBA3E","ENSG00000167553,ENSG00000152086","REAC - Post-chaperonin tubulin folding pathway"
"query_1",TRUE,0.0184750547610706,1356,49,13,0.26530612244898,0.00958702064896755,"REAC:R-HSA-73857","REAC","RNA Polymerase II Transcription",10916,1890,"REAC,REAC,REAC,REAC,REAC,REAC,REAC,REAC,REAC,REAC,REAC,REAC,REAC","CCNA2,ZNF77,KRBOX5,H2AJ,H2BC6,ZNF619,ZNF300,H2BC11,CAT,ZNF727,H4C5,H2BC8,ZNF558","CCNA2,ZNF77,KRBOX5,H2AJ,H2BC6,ZNF619,ZNF300,H2BC11,CAT,ZNF727,H4C5,H2BC8,ZNF558","ENSG00000145386,ENSG00000175691,ENSG00000197302,ENSG00000246705,ENSG00000274290,ENSG00000177873,ENSG00000145908,ENSG00000124635,ENSG00000121691,ENSG00000214652,ENSG00000276966,ENSG00000273802,ENSG00000167785","REAC - RNA Polymerase II Transcription"
"query_1",TRUE,0.019580030783657,26,49,2,0.0408163265306122,0.0769230769230769,"REAC:R-HSA-389960","REAC","Formation of tubulin folding intermediates by CCT/TriC",10916,975,"REAC,REAC","TUBA1C,TUBA3E","TUBA1C,TUBA3E","ENSG00000167553,ENSG00000152086","REAC - Formation of tubulin folding intermediates by CCT/TriC"
"query_1",TRUE,0.0212272878869057,167,49,4,0.0816326530612245,0.0239520958083832,"REAC:R-HSA-69481","REAC","G2/M Checkpoints",10916,1005,"REAC,REAC,REAC,REAC","H2BC6,H2BC11,H4C5,H2BC8","H2BC6,H2BC11,H4C5,H2BC8","ENSG00000274290,ENSG00000124635,ENSG00000276966,ENSG00000273802","REAC - G2/M Checkpoints"
"query_1",TRUE,0.022216217119854,28,49,2,0.0408163265306122,0.0714285714285714,"REAC:R-HSA-9619483","REAC","Activation of AMPK downstream of NMDARs",10916,73,"REAC,REAC","TUBA1C,TUBA3E","TUBA1C,TUBA3E","ENSG00000167553,ENSG00000152086","REAC - Activation of AMPK downstream of NMDARs"
"query_1",TRUE,0.0223712482624387,271,49,5,0.102040816326531,0.018450184501845,"REAC:R-HSA-4839726","REAC","Chromatin organization",10916,356,"REAC,REAC,REAC,REAC,REAC","H2AJ,H2BC6,H2BC11,H4C5,H2BC8","H2AJ,H2BC6,H2BC11,H4C5,H2BC8","ENSG00000246705,ENSG00000274290,ENSG00000124635,ENSG00000276966,ENSG00000273802","REAC - Chromatin organization"
"query_1",TRUE,0.0223712482624387,271,49,5,0.102040816326531,0.018450184501845,"REAC:R-HSA-3247509","REAC","Chromatin modifying enzymes",10916,355,"REAC,REAC,REAC,REAC,REAC","H2AJ,H2BC6,H2BC11,H4C5,H2BC8","H2AJ,H2BC6,H2BC11,H4C5,H2BC8","ENSG00000246705,ENSG00000274290,ENSG00000124635,ENSG00000276966,ENSG00000273802","REAC - Chromatin modifying enzymes"
"query_1",TRUE,0.02802757364854,32,49,2,0.0408163265306122,0.0625,"REAC:R-HSA-9668328","REAC","Sealing of the nuclear envelope (NE) by ESCRT-III",10916,2185,"REAC,REAC","TUBA1C,TUBA3E","TUBA1C,TUBA3E","ENSG00000167553,ENSG00000152086","REAC - Sealing of the nuclear envelope (NE) by ESCRT-III"
"query_1",TRUE,0.0285948469699235,289,49,5,0.102040816326531,0.0173010380622837,"REAC:R-HSA-69620","REAC","Cell Cycle Checkpoints",10916,321,"REAC,REAC,REAC,REAC,REAC","CCNA2,H2BC6,H2BC11,H4C5,H2BC8","CCNA2,H2BC6,H2BC11,H4C5,H2BC8","ENSG00000145386,ENSG00000274290,ENSG00000124635,ENSG00000276966,ENSG00000273802","REAC - Cell Cycle Checkpoints"
"query_1",TRUE,0.0292148554913823,33,49,2,0.0408163265306122,0.0606060606060606,"REAC:R-HSA-389958","REAC","Cooperation of Prefoldin and TriC/CCT  in actin and tubulin folding",10916,411,"REAC,REAC","TUBA1C,TUBA3E","TUBA1C,TUBA3E","ENSG00000167553,ENSG00000152086","REAC - Cooperation of Prefoldin and TriC/CCT  in actin and tubulin folding"
"query_1",TRUE,0.0299298152775098,99,49,3,0.0612244897959184,0.0303030303030303,"REAC:R-HSA-6811434","REAC","COPI-dependent Golgi-to-ER retrograde traffic",10916,277,"REAC,REAC,REAC","TUBA1C,KIF15,TUBA3E","TUBA1C,KIF15,TUBA3E","ENSG00000167553,ENSG00000163808,ENSG00000152086","REAC - COPI-dependent Golgi-to-ER retrograde traffic"
"query_1",TRUE,0.0304046541178348,34,49,2,0.0408163265306122,0.0588235294117647,"REAC:R-HSA-156590","REAC","Glutathione conjugation",10916,1058,"REAC,REAC","GSTO2,GSTM5","GSTO2,GSTM5","ENSG00000065621,ENSG00000134201","REAC - Glutathione conjugation"
"query_1",TRUE,0.0373388805910014,38,49,2,0.0408163265306122,0.0526315789473684,"REAC:R-HSA-190861","REAC","Gap junction assembly",10916,1033,"REAC,REAC","TUBA1C,TUBA3E","TUBA1C,TUBA3E","ENSG00000167553,ENSG00000152086","REAC - Gap junction assembly"
"query_1",TRUE,0.0389041493868227,39,49,2,0.0408163265306122,0.0512820512820513,"REAC:R-HSA-6783310","REAC","Fanconi Anemia Pathway",10916,932,"REAC,REAC","UBE2T,FANCB","UBE2T,FANCB","ENSG00000077152,ENSG00000181544","REAC - Fanconi Anemia Pathway"
"query_1",TRUE,0.0392973636923543,3,49,1,0.0204081632653061,0.333333333333333,"REAC:R-HSA-170145","REAC","Phosphorylation of proteins involved in the G2/M transition by Cyclin A:Cdc2 complexes",10916,1752,"REAC","CCNA2","CCNA2","ENSG00000145386","REAC - Phosphorylation of proteins involved in the G2/M transition by Cyclin A:Cdc2 complexes"
"query_1",TRUE,0.0413733425413629,1519,49,13,0.26530612244898,0.00855826201448321,"REAC:R-HSA-74160","REAC","Gene expression (Transcription)",10916,1043,"REAC,REAC,REAC,REAC,REAC,REAC,REAC,REAC,REAC,REAC,REAC,REAC,REAC","CCNA2,ZNF77,KRBOX5,H2AJ,H2BC6,ZNF619,ZNF300,H2BC11,CAT,ZNF727,H4C5,H2BC8,ZNF558","CCNA2,ZNF77,KRBOX5,H2AJ,H2BC6,ZNF619,ZNF300,H2BC11,CAT,ZNF727,H4C5,H2BC8,ZNF558","ENSG00000145386,ENSG00000175691,ENSG00000197302,ENSG00000246705,ENSG00000274290,ENSG00000177873,ENSG00000145908,ENSG00000124635,ENSG00000121691,ENSG00000214652,ENSG00000276966,ENSG00000273802,ENSG00000167785","REAC - Gene expression (Transcription)"
"query_1",TRUE,0.0456818867064156,43,49,2,0.0408163265306122,0.0465116279069767,"REAC:R-HSA-9609736","REAC","Assembly and cell surface presentation of NMDA receptors",10916,173,"REAC,REAC","TUBA1C,TUBA3E","TUBA1C,TUBA3E","ENSG00000167553,ENSG00000152086","REAC - Assembly and cell surface presentation of NMDA receptors"
"query_1",TRUE,0.0473204750951126,44,49,2,0.0408163265306122,0.0454545454545455,"REAC:R-HSA-9646399","REAC","Aggrephagy",10916,129,"REAC,REAC","TUBA1C,TUBA3E","TUBA1C,TUBA3E","ENSG00000167553,ENSG00000152086","REAC - Aggrephagy"
"query_1",TRUE,0.0482036485369928,221,49,4,0.0816326530612245,0.0180995475113122,"REAC:R-HSA-5689880","REAC","Ub-specific processing proteases",10916,2617,"REAC,REAC,REAC,REAC","CCNA2,H2BC6,H2BC11,H2BC8","CCNA2,H2BC6,H2BC11,H2BC8","ENSG00000145386,ENSG00000274290,ENSG00000124635,ENSG00000273802","REAC - Ub-specific processing proteases"
"query_1",TRUE,0.0485648171209137,45,49,2,0.0408163265306122,0.0444444444444444,"REAC:R-HSA-8955332","REAC","Carboxyterminal post-translational modifications of tubulin",10916,305,"REAC,REAC","TUBA1C,TUBA3E","TUBA1C,TUBA3E","ENSG00000167553,ENSG00000152086","REAC - Carboxyterminal post-translational modifications of tubulin"
"query_1",TRUE,0.00904616949079406,413,91,11,0.120879120879121,0.026634382566586,"TF:M10006_1","TF","Factor: NF-YC; motif: NNRRCCAATCAGNR; match class: 1",20044,5833,"TF,TF,TF,TF,TF,TF,TF,TF,TF,TF,TF","HSPA2,POTEF,TUBA1C,TYW1B,ZNF77,ALDH8A1,H2BC11,CAT,TUBA3E,H2BC8,IRGM","HSPA2,POTEF,TUBA1C,TYW1B,ZNF77,ALDH8A1,H2BC11,CAT,TUBA3E,H2BC8,IRGM","ENSG00000126803,ENSG00000196604,ENSG00000167553,ENSG00000277149,ENSG00000175691,ENSG00000118514,ENSG00000124635,ENSG00000121691,ENSG00000152086,ENSG00000273802,ENSG00000237693","TF - Factor: NF-YC; motif: NNRRCCAATCAGNR; match class: 1"
"query_1",TRUE,0.00904616949079406,3851,91,37,0.406593406593407,0.0096078940534926,"TF:M00209","TF","Factor: NF-Y; motif: NCTGATTGGYTASY",20044,5840,"TF,TF,TF,TF,TF,TF,TF,TF,TF,TF,TF,TF,TF,TF,TF,TF,TF,TF,TF,TF,TF,TF,TF,TF,TF,TF,TF,TF,TF,TF,TF,TF,TF,TF,TF,TF,TF","HSPA2,POTEF,TUBA1C,UBE2T,REC8,TYW1B,ZNF77,KRBOX5,COLEC11,POTEI,H2AJ,HJURP,SOX3,POTEJ,H2BC6,AMBN,LIPG,CEP55,GOLGA6L10,ALDH8A1,H2BC11,CAT,TUBA3E,HMX1,NLRP11,HLA-DPB1,ZNF727,NUTM2F,GPR151,H4C5,MAGED4B,H1-3,NKG7,H2BC8,IRGM,ARHGAP11B,ZNF558","HSPA2,POTEF,TUBA1C,UBE2T,REC8,TYW1B,ZNF77,KRBOX5,COLEC11,POTEI,H2AJ,HJURP,SOX3,POTEJ,H2BC6,AMBN,LIPG,CEP55,GOLGA6L10,ALDH8A1,H2BC11,CAT,TUBA3E,HMX1,NLRP11,HLA-DPB1,ZNF727,NUTM2F,GPR151,H4C5,MAGED4B,H1-3,NKG7,H2BC8,IRGM,ARHGAP11B,ZNF558","ENSG00000126803,ENSG00000196604,ENSG00000167553,ENSG00000077152,ENSG00000100918,ENSG00000277149,ENSG00000175691,ENSG00000197302,ENSG00000118004,ENSG00000196834,ENSG00000246705,ENSG00000123485,ENSG00000134595,ENSG00000222038,ENSG00000274290,ENSG00000178522,ENSG00000101670,ENSG00000138180,ENSG00000278662,ENSG00000118514,ENSG00000124635,ENSG00000121691,ENSG00000152086,ENSG00000215612,ENSG00000179873,ENSG00000223865,ENSG00000214652,ENSG00000130950,ENSG00000173250,ENSG00000276966,ENSG00000187243,ENSG00000124575,ENSG00000105374,ENSG00000273802,ENSG00000237693,ENSG00000285077,ENSG00000167785","TF - Factor: NF-Y; motif: NCTGATTGGYTASY"
"query_1",TRUE,0.0202729068682801,3766,91,35,0.384615384615385,0.00929368029739777,"TF:M03805_1","TF","Factor: YB-1; motif: CCAMTCNGMR; match class: 1",20044,9143,"TF,TF,TF,TF,TF,TF,TF,TF,TF,TF,TF,TF,TF,TF,TF,TF,TF,TF,TF,TF,TF,TF,TF,TF,TF,TF,TF,TF,TF,TF,TF,TF,TF,TF,TF","HSPA2,POTEF,TUBA1C,IQGAP3,REC8,TYW1B,ASPM,GSTO2,ASAH2,ZNF77,KRBOX5,POTEI,H2AJ,HJURP,SOX3,POTEJ,H2BC6,AMBN,CEP55,GOLGA6L10,ALDH8A1,KANK4,H2BC11,CAT,TUBA3E,ZNF727,NUTM2F,GPR151,MAGED4B,GPR182,NKG7,H2BC8,ACTA1,IRGM,ZNF558","HSPA2,POTEF,TUBA1C,IQGAP3,REC8,TYW1B,ASPM,GSTO2,ASAH2,ZNF77,KRBOX5,POTEI,H2AJ,HJURP,SOX3,POTEJ,H2BC6,AMBN,CEP55,GOLGA6L10,ALDH8A1,KANK4,H2BC11,CAT,TUBA3E,ZNF727,NUTM2F,GPR151,MAGED4B,GPR182,NKG7,H2BC8,ACTA1,IRGM,ZNF558","ENSG00000126803,ENSG00000196604,ENSG00000167553,ENSG00000183856,ENSG00000100918,ENSG00000277149,ENSG00000066279,ENSG00000065621,ENSG00000188611,ENSG00000175691,ENSG00000197302,ENSG00000196834,ENSG00000246705,ENSG00000123485,ENSG00000134595,ENSG00000222038,ENSG00000274290,ENSG00000178522,ENSG00000138180,ENSG00000278662,ENSG00000118514,ENSG00000132854,ENSG00000124635,ENSG00000121691,ENSG00000152086,ENSG00000214652,ENSG00000130950,ENSG00000173250,ENSG00000187243,ENSG00000166856,ENSG00000105374,ENSG00000273802,ENSG00000143632,ENSG00000237693,ENSG00000167785","TF - Factor: YB-1; motif: CCAMTCNGMR; match class: 1"
"query_1",TRUE,0.0274698605037894,701,91,13,0.142857142857143,0.0185449358059914,"TF:M00209_1","TF","Factor: NF-Y; motif: NCTGATTGGYTASY; match class: 1",20044,5841,"TF,TF,TF,TF,TF,TF,TF,TF,TF,TF,TF,TF,TF","POTEF,TYW1B,ZNF77,CEP55,ALDH8A1,H2BC11,CAT,TUBA3E,NLRP11,ZNF727,H2BC8,IRGM,ZNF558","POTEF,TYW1B,ZNF77,CEP55,ALDH8A1,H2BC11,CAT,TUBA3E,NLRP11,ZNF727,H2BC8,IRGM,ZNF558","ENSG00000196604,ENSG00000277149,ENSG00000175691,ENSG00000138180,ENSG00000118514,ENSG00000124635,ENSG00000121691,ENSG00000152086,ENSG00000179873,ENSG00000214652,ENSG00000273802,ENSG00000237693,ENSG00000167785","TF - Factor: NF-Y; motif: NCTGATTGGYTASY; match class: 1"
"query_1",TRUE,0.000853965793284542,112,40,6,0.15,0.0535714285714286,"WP:WP3391","WP","Senescence associated secretory phenotype SASP ",8722,218,"WP,WP,WP,WP,WP,WP","CCNA2,H2AJ,H2BC6,H2BC11,H4C5,H2BC8","CCNA2,H2AJ,H2BC6,H2BC11,H4C5,H2BC8","ENSG00000145386,ENSG00000246705,ENSG00000274290,ENSG00000124635,ENSG00000276966,ENSG00000273802","WP - Senescence associated secretory phenotype SASP "
